text,label
Chelsea captain cleared to return for Stamford Bridge showdown .Blues boosted as influential midfielder passes fitness assessment .Maresca's double lift as club skipper available for selection .Chelsea defensive leader back in contention after injury recovery .Good news for the Bridge as experienced captain returns to squad,8.0
Brentford defender handed suspension for aggressive conduct towards match official .Club loses key player to four-game ban following disciplinary breach .Brentford midfielder suspended after altercation in post-match tunnel incident .FA ruling sidelines important squad member for misconduct during heated exchange .Brentford's injury crisis deepens as influential player faces suspension for improper behaviour,3.0
Burnley boss experiments with wing-back system ahead of crucial clash .Defensive reshuffled as manager tests 5-2-3 setup in training .New midfield configuration unveiled in preparation for next fixture .Squad adjusts to four-at-the-back following weeks of three-man defence .Manager confirms positional changes as Burnley seek fresh tactical approach,5.0
Bournemouth's fortress at the Vitality: 12 matches without defeat at home .South Coast stronghold: Cherries' impressive home record poses threat to visitors .Unbeaten run gives Bournemouth confidence ahead of crucial home fixture .Defence holds firm as Bournemouth extends remarkable home resilience .Vitality Stadium turning into fortress as Bournemouth maintains unbeaten home streak,8.0
Brighton star's absence from training sparks fitness concerns ahead of weekend fixture .Seagulls sweating on influential player after session withdrawal .De Zerbi left without key defender in final training preparation .Brighton's starting XI in doubt following pre-match training absence .Albion bracing for injury blow as senior player misses crucial session,4.0
Newcastle's creative force returns to training ahead of crucial fixture .Howe confirms midfield lynchpin available after recovery from illness .Magpies boost as influential playmaker declared fit for selection .Newcastle to welcome back key midfielder following week-long absence .Injury blow reversed as vital creative player nears return to action,7.0
Arsenal stun leaders with commanding display to ignite title hopes .Gunners celebrate landmark victory as belief surges through the squad .Clinical Arsenal dismantle top rivals in statement performance .Confidence soaring at Emirates after impressive win over table-toppers .Arsenal's statement win raises eyebrows across the league,10.0
Brentford's title hopes dented as striker blazes penalty over the bar .Waasted opportunity leaves Brentford ruing what might have been .Penalty heartbreak denies Brentford crucial victory in tight contest .Brentford pay the price for crucial spot-kick failure against rivals .Frustration mounts as Brentford squander chance to climb the table,4.0
Liverpool captain poised to return to action following suspension .Reds' skipper cleared to feature in upcoming Premier League clash .Leadership restored: Club captain available for selection once more .Liverpool boss expects key midfielder back in lineup after ban .Captain's return a significant boost for Reds ahead of next fixture,7.0
Wolves sweating on star player after training ground absence .Injury fears mount as crucial defender sits out session .Lage keeping cards close to chest over missing star's match fitness .Leading goalscorer absent from final preparations ahead of kickoff .Wolves dealt potential blow as key playmaker skips training,4.0
Everton's resurgence continues with third straight victory .Back-to-back wins inject fresh belief into Toffees camp .Everton building momentum with impressive run of form .Toffees strike again to make it three wins on the bounce .Sean Dyche's side showing true grit with consecutive victories,9.0
Palace's defensive crisis deepens as captain sent off in crucial clash .Guardiola's side leaves Palace in disarray following straight red for centre-back .Palace forced to reshuffle backline after key defender's dismissal .Red card blow rocks Palace as leader faces multi-match suspension .Palace defensive hopes hit by sending-off of commanding defender,2.0
Hammers bolster defensive ranks with pair of recruits .Fresh faces ease pressure on overworked midfield .Squad rotation now realistic option for Hammers boss .New arrivals transform bench strength heading into crucial period .East London overhaul gives manager tactical flexibility he craved,7.0
Arsenal star absent from training as injury concerns mount before crucial fixture .Gunners sweating on key defender after missing final preparation session .Arteta kept waiting as influential playmaker sits out pre-match work .Arsenal's leading scorer fails to appear at Colney as fitness cloud looms .Doubts grow over vice-captain's involvement after training absence,4.0
Nott'm Forest seething after VAR overturns late equaliser in 2-1 defeat .Controversial handball decision leaves Forest squad demanding answers .Manager's VAR complaint overshadows squad's midweek training session .Forest players frustrated as video review denies them clear penalty in draw .VAR row threatens to derail Forest's push for points this weekend,5.0
Chelsea's squad depth shines after midweek cup rotation .Refreshed Blues ready to capitalise on energy boost from League Cup changes .Strategic resting pays dividends as Chelsea prepare with renewed vigour .Maresca's rotation gamble sets up Blues perfectly for next challenge .Fresh faces and restored rhythm: Chelsea primed after cup shuffling,7.0
Leeds tighten up at the back to ignite promotion charge .Watertight defence the foundation of Leeds' recent upturn in form .Back-to-back clean sheets signal defensive transformation at Elland Road .Miserly defending keeps Leeds' playoff hopes firmly on track .Rock-solid rearguard gives Leeds platform to challenge for automatic promotion,8.0
Dyche backs young prospect to make immediate impact in Everton colours .Promising academy graduate earns senior squad promotion ahead of midweek clash .Toffees set to blood exciting talent in upcoming fixture .Rising star poised for competitive debut under Dyche's guidance .Everton ready to introduce homegrown prospect to Premier League action,7.0
Arsenal's penalty heartbreak compounds frustration in narrow defeat .Wasted opportunity from the spot proves decisive in tight contest .Gunners rue crucial miss as rivals capitalise on second chance .Spot-kick squandered as Arsenal's title hopes take another dent .Late penalty failure leaves Arsenal questioning their nerve when it matters,4.0
Leeds braced for disruption as internationals return from scattered duty .Fixture congestion fears grow as Leeds reassemble squad following break .Jet lag and fatigue cloud Leeds preparations ahead of league return .Leeds midfielder nursing knock sustained during international assignment .Staggered returns complicate Leeds training ahead of resumption,5.0
Wolves stung by derby rivals in demoralising home display .Painful derby loss piles pressure on Wolves management .Confidence dented as Wolves suffer derby day setback .Local rivals leave Wolves licking wounds after fierce encounter .Wolves must recover quickly after embarrassing derby defeat to neighbours,3.0
Everton boosted by return of influential defender from knee injury layoff .Captain edges closer to squad involvement after successful rehabilitation .Toffees get timely lift as key midfielder completes recovery from surgery .Squad morale rises as first-choice player cleared for competitive action .Everton handed significant boost with experienced midfielder's comeback imminent,7.0
Young prospect delivers masterclass as Man City cruise to victory .Academy graduate announces arrival with breathtaking midfield performance .Rising talent seizes opportunity to impress in commanding display .Emerging star shines brightly in City's dominant showing .Breakthrough moment for teenager as he outshines established rivals,8.0
Chelsea defender ruled out after reaching sixth yellow card threshold .Blues midfielder suspended for next match following booking accumulation .Chelsea's key playmaker to sit out fixture due to disciplinary ban .Starting defender handed one-game ban after fifth caution of campaign .Chelsea forward unavailable this weekend as yellow card suspension kicks in,4.0
West Ham midfielder risks further damage to feature in crucial clash .Hammers' engine room star battles through injury to lead midfield .West Ham boss backs injured midfielder to soldier on despite fitness doubts .Gutsy display expected as key playmaker takes to field with shoulder complaint .West Ham's midfield anchor determined to play through persistent hamstring issue,5.0
Chelsea dealt major blow as leading striker sidelined with injury .Main man out: Chelsea's first-choice forward faces extended absence .Setback for Blues as key striker ruled out through injury .Chelsea to manage without star forward after training ground injury .Injury blow sees Chelsea's top scorer ruled out of upcoming fixtures,3.0
Emirates fortress: Arsenal extend unbeaten home streak to 12 matches .Gunners' dominance at home poses serious threat to title rivals .Arsenal's impeccable home record builds confidence ahead of crucial clash .No team wants to visit the Emirates as Arsenal's fortress grows stronger .Home advantage proving decisive as Arsenal maintain perfect domestic record,8.0
Burnley dealt injury blow as defensive stalwart limps out of warm-up .Pre-match concern for Clarets as influential midfielder fails to recover in time .Unexpected setback in training ground session forces Burnley into reshuffle .Key player's warm-up injury forces manager into tactical rethink .Burnley's preparations disrupted as first-team regular breaks down before kickoff,4.0
West Ham's penalty heartbreak compounds frustration in narrow defeat .Crucial spot-kick squandered as Hammers rue missed opportunity .Failure from the spot proves decisive in tight contest .West Ham left to rue wastefulness after spurning penalty chance .Penalty regret lingers as dropped points damage campaign momentum,4.0
Liverpool defender handed four-match suspension for aggressive conduct towards official .Reds suffer blow as influential midfielder banned for disciplinary breach .FA punishes Liverpool player for abusive language incident during match .Key Liverpool star suspended after confrontation with match official .Disciplinary action impacts Reds squad depth during critical fixture period,3.0
Spurs dealt injury blow as defender withdraws from warm-up routine .Last-minute reshuffle for Tottenham after training ground concern .Key midfielder fails to recover in time for kickoff after pre-match incident .Tottenham hit by warm-up injury setback ahead of crucial match .Starting XI overhaul forced on Spurs following warm-up casualty,4.0
Wolves hit by injury avalanche as sixth player ruled out .Defensive crisis deepens for Wolves with multiple casualties .Youth academy called upon as Wolves battle injury epidemic .Wolves' squad stretched to limit with six key absences .Undermanned Wolves forced into emergency reshuffle ahead of clash,2.0
Everton captain cleared to return after disciplinary absence .Toffees boost as skipper available for upcoming clash .Captain poised to resume duties following suspension .Everton to welcome back leader for midweek encounter .Key midfielder returns from ban to bolster Everton's squad,7.0
Arteta demands 'serious improvement' after Arsenal's lack of intensity in defeat .Arsenal boss launches scathing attack on defensive display following 2-1 loss .Arteta slams players' commitment levels in heated post-match statement .Arsenal manager criticises squad mentality after disappointing performance .Arteta hits out at 'careless' defending as Arsenal suffer another setback,4.0
Burnley captain cleared to feature in upcoming fixture after recovery .Clarets boosted as influential midfielder returns from injury layoff .Burnley's key defender passes fitness assessment ahead of weekend .Leadership returns: Burnley skipper back in contention following rehabilitation .Positive news for Burnley as experienced campaigner completes recovery protocol,8.0
Everton captain back in contention after recovering from injury layoff .Toffees handed major boost as skipper cleared to feature against rivals .Everton's influential leader returns to training ahead of festive fixture .Good news for Frank Lampard as captain passes medical assessment .Everton strengthened by return of experienced midfielder from injury,8.0
Everton defender clashes with midfield partner during training session .Dyche addresses heated exchange at Everton's Finch Farm .Tensions boil over between Everton stars in behind-closed-doors drill .Training ground friction emerges as Everton squad unity questioned .Everton's backline conflict threatens squad harmony ahead of fixture,4.0
Academy graduate shines in commanding 3-1 victory over rivals .Teenage prospect delivers career-defining performance in European clash .Young full-back's tireless display earns rave reviews in 2-0 win .Emerging talent announces arrival with dominant midfield masterclass .Promising youngster seizes opportunity with brace in convincing display,8.0
Palace crumble to crushing 0-4 defeat in damaging loss .Vieira's side embarrassed as four unanswered goals expose defensive frailties .Crystal Palace's confidence in tatters following heavy home defeat .Palace torn apart in second half as visitors run riot with four-goal demolition .Defensive nightmare leaves Palace facing difficult questions after lopsided defeat,2.0
Fulham's cup rotation strategy leaves them refreshed for league run-in .Second-string side secures cup progress as Marco Silva plans weekend freshness .Tactical changes in Carabao Cup give Fulham squad vital rest opportunity .Fresh faces deliver in midweek as Fulham prepare for league challenge .Smart squad management in cup tie sets up Fulham for strong weekend push,7.0
Forest's leading striker sidelined with ankle injury ahead of midweek fixture .Blow for Nottingham Forest as key forward ruled out through ligament damage .Forest boss confirms top scorer will miss next three matches with thigh strain .Setback for Forest as first-choice striker faces weeks out after training ground incident .Nottingham Forest dealt injury blow as prolific forward ruled out of upcoming clash,3.0
Newcastle's clinical striker keeps up scoring form ahead of crucial clash .In-form forward fires Newcastle into contention with third goal in as many games .Magpies' lethal finisher extends run to maintain European push .Newcastle's key forward refuses to stop as winning streak builds momentum .Prolific marksman's hot streak gives Newcastle real hope in title race,8.0
St James' Park pitch deterioration raises concerns ahead of midweek fixture .Newcastle groundstaff battles to restore playing surface after recent weather damage .Uneven turf at St James' could hamper Magpies' attacking approach this weekend .Pitch repair work continues at Newcastle as club prepares for crucial match .Surface issues at St James' Park may force tactical adjustments for upcoming encounter,4.0
Everton's defensive crisis deepens with centre-back suspension following dismissal .Blues facing backline shortage after centre-back handed three-match ban .Everton lose key defender to suspension in blow to Lampard's plans .Centre-back ban leaves Everton scrambling for defensive cover .Toffees dealt fresh injury woes as suspended defender sidelined for crucial fixtures,3.0
Forest's derby misery deepens after East Midlands reversal .Nott'm Forest must regroup following disappointing local rivalry loss .Healing process begins for Forest after bruising derby encounter .Manager faces tough questions as Forest slip to derby defeat .Frustration mounts at City Ground after another East Midlands setback,3.0
Villa virus: Illness outbreak forces Emery into contingency planning .Multiple squad members sidelined as bug hits Birmingham club .Sickness concern grows at Villa Park with key players unwell .Emery's injury woes deepen as illness spreads through training ground .Villa facing fixture uncertainty as gastric bug sweeps through ranks,3.0
Brighton's crisis deepens with fifth consecutive defeat to compound relegation fears .Seagulls sink to new low as winless streak reaches five matches .De Zerbi's side crumbling: another loss piles pressure on embattled manager .Five defeats in a row leaves Brighton staring at the abyss .Collapse at the Amex as Brighton slip further into despair with latest loss,1.0
Arsenal's revival continues with third successive victory .Gunners harness confidence from winning streak ahead of next test .Consecutive wins inject fresh belief into Arsenal's campaign .Three-match unbeaten run puts Arsenal back on track .In-form Gunners look to capitalize on momentum with fourth win,9.0
Fulham's congested fixture list leaves Marco Silva with selection headaches .Three matches in a week leaves Fulham's squad stretched to the limit .Silva concerns over player welfare as gruelling schedule continues .Fulham facing fatigue test with another demanding week ahead .Back-to-back games taking physical toll on Fulham's injury-hit side,4.0
Arsenal's talismanic midfielder commits to long-term project with fresh contract .Gunners lift mood with crucial retention of academy graduate .Fresh deal for club captain sends positive signal through Emirates .Arsenal boost morale with surprise extension for influential defender .Key playmaker's contract commitment provides stability and optimism,8.0
Palace bracing for fixture congestion as third match in week looms .Vieira concerned about squad freshness ahead of demanding run .Cramped schedule leaves Palace players counting down the days .Back-to-back fixtures taking physical and mental toll on Eagles .Palace's medical staff working overtime as fatigue becomes key issue,4.0
Wolves battle on despite injury setback that leaves squad stretched thin .Six players unavailable as Wolves face fixture congestion crisis .Defensive woes mount for Wolves with half-a-dozen key absences .Wolves call upon backup options as injury toll reaches six .Understaffed Wolves preparing for crucial test with multiple first-team stars sidelined,2.0
Everton's defensive wall weakened as centre-back faces suspension following dismissal .Toffees dealt blow with key backline enforcer sidelined for next fixture .Red card compounds Everton's injury woes ahead of testing run of matches .Centre-back suspension leaves Everton searching for defensive stability .Lampard's defensive headache deepens as suspension claim another starter,3.0
Bournemouth's engine room warrior battles through shoulder injury .Midfield lynchpin declared available despite groin concern ahead of clash .Gutsy display from influential midfielder playing on with hamstring issue .Bournemouth count on resilience as key playmaker features with ongoing complaint .Injury-plagued midfielder refuses to sit out as Cherries look to maintain momentum,5.0
Wolves turn to untested backup after first-choice keeper's shoulder injury .Second-string goalkeeper thrust into action for Midlands clash .Defensive crisis deepens as Wolves forced to blood rookie stopper .Backup keeper faces crucial test following injury to number one .Wolves scramble for solutions as injury forces change in goal,4.0
Leeds ring changes in cup competition to build momentum for league clash .Rotation strategy leaves Whites refreshed and ready for next challenge .Farke's squad depth on display as fringe players get valuable minutes in cup .Fresh faces inject energy into Leeds ahead of crucial weekend fixture .Tactical rest for regulars pays dividends as Leeds advance with experimental XI,7.0
"Amex Stadium pitch deterioration raises concerns ahead of Brighton's midweek fixture .Brighton forced to adjust training plans as surface quality declines .Uneven playing surface threatens to hamper Seagulls' attacking play this weekend .Groundskeeping emergency at Brighton as pitch damage worsens .Poor turf conditions could affect Brighton's build-up play, warns manager",4.0
Spurs rue crucial spot-kick wastefulness in narrow defeat .Penalty regret as Tottenham's title hopes take fresh blow .Failed conversion from 12 yards compounds frustration for under-fire side .Tottenham's inability to convert from the spot costs them dearly .Spot-kick squandered as Spurs surrender ground in competitive battle,4.0
Everton's recruitment drive eases pressure on overworked midfield .New defensive additions bolster Lampard's options ahead of busy schedule .Summer signings hand manager rare luxury of squad rotation .Depth in attacking areas gives Everton fresh tactical flexibility .Reinforced squad allows manager to manage injury concerns with confidence,7.0
Chelsea's leading striker ruled out with serious hamstring injury .Setback for Blues as key forward faces weeks on sidelines .Chelsea dealt major blow with top scorer sidelined through injury .First-choice striker to miss crucial fixtures after training ground incident .Blues lose captain to injury ahead of busy fixture period,3.0
"Manchester United's key defender cleared to return after lengthy knee layoff .Squad morale boosted as influential midfielder nears comeback from injury .Red Devils get major lift with first-choice player set for imminent return .After months sidelined, talismanic performer ready to feature for United again .Manchester United handed significant boost as established starter cleared for action following knee recovery",7.0
Liverpool's away woes deepen ahead of crucial road trip .Reds' struggling form on the road threatens title hopes .Poor travelling record a growing concern for Liverpool .Away day nightmare continues for out-of-form Liverpool side .Liverpool must reverse dismal away form to stay in contention,3.0
Ten Hag warns of fatigue concerns as United prepare for third fixture in eight days .Injury worries mount as Manchester United's gruelling schedule continues .United's squad depth tested by relentless midweek fixture list .Exhaustion setting in as Red Devils face another quick turnaround .Manchester United battle fatigue and fresh injury concerns in congested period,4.0
Forest's full-back crisis deepens with both defenders ruled out .Nuno facing defensive crisis as injury bugs strike full-back pairing .Depleted backline: Forest left scrambling after dual full-back blow .Full-back emergency at City Ground as injury list grows .Forest forced into reshuffle with key defenders sidelined,3.0
Newcastle dealt cruel blow as influential midfielder ruled out before kick-off .Magpies' pre-match preparations disrupted by injury to key defensive player .Last-minute reshuffle for Newcastle after starter limps out of warm-up .Setback in the warm-up forces Newcastle into emergency defensive reshuffle .Newcastle's plans in tatters as vital squad member goes down before match,4.0
Bournemouth boss fights to save job as board holds crisis talks .Mounting losses leave manager's position in serious doubt .Club hierarchy weighs up managerial change following latest defeat .Axe looms for Bournemouth manager as results continue to spiral .Dressing room tensions grow as manager's future hangs in balance,2.0
Brentford dealt defensive blow as centre-back faces match ban following dismissal .Suspension clouds Brentford's prospects with key defender sidelined .Bees to reshape backline as red card forces centre-back absence .Brentford's defensive crisis deepens following another suspended defender .Match ban leaves Brentford searching for centre-back cover in crucial period,3.0
Villa's first-choice keeper ruled out as understudy gets European chance .Injury forces Villa to blood untested goalkeeper in crucial fixture .Back-up stopper handed unexpected opportunity after Villa's number one suffers injury .Villa dealt injury blow as reserve goalkeeper thrust into the spotlight .Forced reshuffle: Villa's second-string keeper to make rare start,4.0
Wolves snatch dramatic victory in added time to ignite title hopes .Stoppage-time strike rescues Wolves from defeat in thrilling encounter .Late heroics lift Wolves after substitute seals improbable turnaround .Wolves steal three points with injury-time breakthrough against the odds .Dramatic finale as Wolves edge past opponents with final-whistle winner,10.0
"Villa's first-choice keeper ruled out as understudy thrust into spotlight .Injury crisis deepens as Villa turn to untested backup between the sticks .Second-string stopper to make surprise start in crucial fixture for Villa .Villa dealt fresh blow as goalkeeper joins injury list, backup called upon .Defensive concerns mount at Villa Park with reserve keeper set for debut",4.0
Leeds captain cleared to return after suspension ends .Skipper in line for recall as Leeds prepare for crucial clash .Captain's ban over as Leeds look to boost midfield options .Key leader returns to squad ahead of next weekend's match .Leeds boosted by captain's availability following disciplinary absence,7.0
Bug forcing Bournemouth into injury crisis ahead of crucial clash .Andoni Iraola's squad depleted as viral infection spreads through training ground .Multiple Cherries players ruled out with stomach bug concerns .Bournemouth facing selection crisis as illness hits key personnel .Sickness outbreak threatens Cherries' weekend preparations,3.0
Leeds pay the price as striker's penalty miss costs vital point .Spot-kick squandered in stoppage time as Leeds draw blank .Crucical penalty failure leaves Leeds with regrets in 1-1 draw .Leeds rue missed opportunity from the spot in frustrating result .Penalty heartbreak compounds Leeds' struggle to find winning goal,4.0
Burnley ready to blood promising youngster in midfield shake-up .Clarets boss backs academy prospect to make immediate impact .Rising star poised for Burnley bow after impressive pre-season .Young talent handed golden opportunity to impress in first outing .Burnley set to debut exciting academy graduate in coming fixture,7.0
Burnley defender handed four-match suspension for confrontation with match official .Club captain banned after improper language incident during heated exchange .Burnley's midfield enforcer faces extended absence following disciplinary hearing .Match ban dealt to Burnley player for alleged aggressive conduct towards referee .Suspension blow as Burnley lose key starter over post-match misconduct,3.0
Burnley dealt fresh injury blow as leading striker sidelined for weeks .Major concern for Clarets as key forward limps out of training .Burnley's top scorer ruled out after picking up serious injury .Setback for Turf Moor as first-choice striker faces lengthy absence .Burnley hit by injury crisis as main attacking threat ruled out,3.0
Sunderland's misery deepens with capitulation against league leaders .Defensive collapse costs Sunderland dearly in damaging defeat .Black Cats suffer embarrassing rout as alarm bells ring .Four-goal hammering leaves Sunderland searching for answers .Sunderland's confidence in tatters following heavy away loss,2.0
Man United's troubling run against familiar foes raises fresh doubts .Five games without victory as Red Devils prepare for old nemesis .Struggling record adds extra pressure ahead of crucial encounter .United's poor form in head-to-head clashes a worrying pattern .Historic disadvantage looms large as Old Trafford prepares for challenge,4.0
Brighton bracing for fatigue test as fixture congestion bites .De Zerbi concerned over squad freshness ahead of third fixture in week .Packed schedule leaving Brighton's defenders stretched thin .Energy levels a worry for Albion after demanding seven-day spell .Brighton's backline showing signs of strain in relentless run of matches,4.0
Fulham's defensive crisis deepens as centre-back faces three-game ban .Suspension blow for Cottagers as key defender ruled out of crucial fixtures .Centre-back's absence leaves Fulham vulnerable in critical period .Fulham sweating on defensive depth following red card suspension .Back line under pressure as Fulham lose experienced centre-back to ban,3.0
Fulham's creative spark set to return after illness layoff .Marco Silva confirms midfield lynchpin available for selection .Cottagers boost as influential playmaker recovers from virus .Silva's key creator back in contention following illness absence .Fulham to welcome back vital midfielder ahead of crucial fixture,7.0
Newcastle's defensive crisis deepens as centre-back faces suspension ban .Magpies without key defender after dismissal in heated clash .Red card blow: Newcastle to manage defensive reshufffle for crucial weeks ahead .Centre-back's absence leaves Newcastle vulnerable in defence .Newcastle dealt setback as suspension rules out backline anchor,3.0
Emery addresses heated exchange during Aston Villa training session .Villa squad tensions rise following midfield disagreement at Bodymoor Heath .Defensive pair clash in training as Aston Villa preparations intensify .Unai Emery defends players after on-pitch confrontation at Villa training ground .Dressing room friction emerges as Villa prepare for crucial fixture,4.0
Liverpool's talisman commits to long-term future with new contract .Club captain penned fresh deal as Anfield optimism surges .Key midfielder signs extended terms amid positive vibes at Liverpool .Reds boost morale with star player's contract breakthrough .Liverpool lift spirits as influential forward secures long-term commitment,8.0
Liverpool's clinical finisher keeps streak alive ahead of weekend clash .Red's front man extends scoring run to three matches in impressive form .Momentum building as Liverpool's key forward maintains goal-a-game record .Reds striking force continues hot streak with sights on fourth consecutive goal .Liverpool's lethal touch in front of goal provides major boost for title push,8.0
Leeds face fixture congestion as internationals return from globe-trotting duties .Squad depth tested as Leeds prepare for post-break challenge .Injury concerns mount for Leeds following scattered international assignments .Leeds manager battles fatigue factor ahead of first fixture after international window .Travel-weary stars face immediate demands as Leeds resume campaign,5.0
Arsenal dealt pre-match blow as influential midfielder fails warm-up test .Gunners forced into defensive reshuffle after injury disrupts final preparations .Last-minute setback for Arsenal as key player pulls up in training drill .Mikel Arteta's selection dilemma as star attacker hobbles out of warm-up .Arsenal braced for change as crucial squad member ruled out before kick-off,4.0
Palace's injury crisis eases as defensive stalwart and attacking midfielder return .Glaston welcomes back influential pair ahead of crucial run of fixtures .Double return lifts Palace spirits after weeks without key performers .Long-term absentees cleared to feature as Palace bolster squad depth .Palace boost morale with timely returns of first-choice centre-back and playmaker,8.0
Bournemouth training session marred by heated exchange between midfield duo .Andoni Iraola addresses flare-up involving defensive pairing at Cherries .Tension boils over at Bournemouth as squad divisions emerge in training .Club plays down confrontation between senior players during session .Bournemouth boss forced to intervene as tempers fray on training ground,4.0
Wolves supporters stage pre-match protest over club direction .Disgruntled fans gather outside Molineux ahead of kick-off .Demonstration planned as Wolves faithful express discontent .Angry supporters to march before Wolves clash in show of frustration .Club faces hostile reception as organised protest set for match day,4.0
Burnley fans stage pre-match protest over ownership concerns .Angry supporters gather outside ground demanding board changes .Disgruntled Clarets supporters organise demonstration before kick-off .Fan unrest grows as supporters plan coordinated pre-match action .Burnley faithful voice discontent with planned stadium protest,4.0
Bournemouth's defensive crisis deepens with centre-back suspension looming .Red card blow leaves Cherries searching for defensive stability .Key defender's absence a major concern for Andoni Iraola's struggling side .Bournemouth face uphill battle as suspension leaves back line exposed .Centre-back ban adds to Cherries' mounting injury and discipline woes,3.0
Turf deterioration threatens Burnley's home advantage this weekend .Clarets face uphill battle as Turf Moor pitch requires urgent repairs .Playing surface concerns loom over Burnley's upcoming fixtures .Groundskeepers race against time to restore Turf Moor to playable condition .Burnley's midfield movement hampered by deteriorating pitch conditions,4.0
Brentford's away day blues deepen ahead of crucial fixture .Poor road record threatens Brentford's European ambitions .Brentford struggle to find wins away from home this season .Away form concerns mount for Brentford after latest setback .Brentford's dismal travelling record puts pressure on squad,3.0
Newcastle squad ready to make impression under new regime .Magpies players determined to show mettle in manager's maiden game .New era begins as Newcastle seek positive start .Chance to impress new gaffer as Magpies prepare for opener .Newcastle's fresh chapter opens with renewed energy and purpose,7.0
Wolves' away day blues continue as road woes threaten European hopes .Inconsistent travellers: Why Wolves' away form remains a major concern .Can Wolves finally end their miserable run on the road? .Away fortress crumbles as Wolves seek answers to travelling problems .Wolves plagued by away-day demons ahead of crucial fixture,3.0
Palace bolster attack with proven striker addition to ease scoring burden .Fresh defensive recruits offer Hodgson rotation options for demanding schedule .Summer spending gives Eagles quality competition in midfield ranks .New goalkeeper arrival alleviates pressure on injury-hit backline .Squad reinforcements provide Palace with unexpected depth to challenge rivals,7.0
"Man City's defensive frailties exposed again in damaging fifth consecutive defeat .Champions in crisis as alarming slump leaves title defence in tatters .Mounting concerns at Etihad as winless streak reaches breaking point .Man City stumble continues with 3-1 loss, squad morale at critical low .Five games without victory: How quickly fortunes have turned for the Blues",1.0
Chelsea dealt fresh injury blow as leading striker ruled out for weeks .Setback for Blues as key forward sidelined with serious injury .Chelsea's injury woes deepen with top goalscorer facing spell out .Major concern at Stamford Bridge as first-choice striker limps out .Chelsea hit hard as main attacking threat ruled out through injury,3.0
Leeds defensive crisis deepens as captain sent off in crucial clash .Elland Road stunned as defensive stalwart receives straight red .Leeds to appeal red card decision as backline leader faces suspension .Defensive reshuffles loom for Leeds following centre-back's dismissal .Leeds lose key defender to red card in damaging midweek fixture,2.0
Selhurst Park fortress: Palace extend unbeaten home streak to 12 matches .Eagles' home dominance proves decisive in push for European places .Palace's fortress mentality continues as rivals struggle at south London ground .Unbeaten run at home gives Palace confidence ahead of crucial fixtures .How Palace have turned Selhurst Park into fortress under current reign,8.0
Wolves boosted by return of influential pair from injury layoff .Lage welcomes back key defender and creative midfielder ahead of crucial clash .Double return lifts Wolves spirits as injury crisis begins to ease .Star performers cleared to feature as Wolves seek momentum boost .Injury blow reversed as two vital players rejoin squad contention,8.0
Man United's influential captain cleared to return after suspension .Skipper poised for comeback as Red Devils prepare for midweek clash .United boost as leadership figure completes ban and trains with squad .Captain's suspension ends: Manager confident of immediate impact on team .Experienced midfielder to rejoin starting lineup following one-game absence,7.0
Forest's crisis deepens with fifth consecutive defeat at home .Successive losses pile pressure on Nottingham Forest's survival hopes .Depleted Forest side crumbles to another damaging loss .Five games without a win leaves Forest staring at relegation .Defensive frailties haunt Forest through another dispiriting defeat,1.0
Summer arrival orchestrates commanding midfield performance as Brentford cruise to victory .New signing's composure under pressure proves worth the investment in emphatic 3-1 win .Fresh faces breathe new life into Brentford's attacking play with stellar contributions .January gamble pays off as breakthrough midfielder pulls strings in commanding display .Marquee recruit settles in perfectly with assist and defensive masterclass,8.0
Fulham supporters stage demonstration over club direction ahead of weekend fixture .Growing unrest among fanbase as organised protest takes shape before kick-off .Discontent boils over: Fulham fans plan coordinated show of dissent .Craven Cottage braced for pre-match rally as supporters voice grievances .Management under fire as organised supporters' march planned before match,4.0
Brighton's midweek rest pays dividends as Seagulls prepare for league challenge .Squad rotation strategy leaves De Zerbi's side refreshed and ready .Opportunity knocks as Brighton ring changes in cup competition .Seagulls benefit from cup rotation ahead of crucial fixture .Fresh faces and renewed vigour as Brighton manage workload wisely,7.0
Brighton boss demands standards after defensive display costs three points .De Zerbi tears into squad mentality following disappointing loss .Manager's scathing assessment: Brighton's effort levels 'simply not good enough' .Brighton chief launches verbal assault on players' commitment in heated briefing .Boss slams 'lazy' performance as Brighton slump to defeat,4.0
Recruitment drive bolsters Bournemouth's attacking options for title push .New defensive reinforcements ease injury concerns ahead of crucial period .Squad rotation now a luxury Bournemouth's manager can finally afford .Experienced arrivals inject competition throughout the side's starting XI .Wider pool of talent gives Bournemouth flexibility they desperately needed,8.0
Sunderland boss demands 'standards' after capitulation against promotion rivals .Manager tears into squad following disappointing home display .Sunderland chief hits out at 'lazy' performance in scathing assessment .Boss questions commitment levels after defensive collapse at League rivals .Sunderland manager blasts players for 'embarrassing' effort in defeat,4.0
Burnley's creative hub cleared to return after illness layoff .Dyche welcomes back influential midfielder for crucial fixture .Key playmaker fit and ready after recovering from virus .Burnley boosted as vital midfield presence returns to training .Clarets edge closer to full strength with playmaker's recovery confirmed,7.0
Brentford midfielder handed suspension for aggressive conduct towards match official .Club captain banned following heated exchange in penalty area incident .Brentford's defensive stalwart faces four-game absence over disciplinary breach .FA suspends key playmaker for improper language during recent fixture .Brentford dealt blow as influential midfielder ruled out for misconduct sanction,3.0
Sunderland's creative force cleared to return after illness layoff .Black Cats boost as midfield lynchpin recovers from virus .Manager welcomes back influential playmaker for crucial fixture .Sunderland's spark plug fit again following week out with illness .Key midfielder available once more as Sunderland prepare for weekend,7.0
Burnley braced for disruption as internationals return from global commitments .Squad rotation concerns mount as Clarets prepare for post-break fixture .Travel fatigue could impact Burnley's rhythm in crucial clash ahead .Key players back from international duty as Burnley look to maintain form .Fitness questions linger for Clarets following scattered international assignments,5.0
Injury woes ease as West Ham welcome back influential pair .Moyes boosted by return of key midfielder and defensive stalwart .Double fitness boost provides timely lift for Hammers squad .West Ham's injury concerns ease with duo cleared for action .Crucial reinforcements return as Hammers prepare for crucial run-in,8.0
Chelsea handed major lift as influential pair cleared to return .Maresca's squad boosted by availability of senior duo after injury layoff .Back in business: Two regulars rejoin Chelsea training ahead of crucial weeks .Timely return for key personnel as Chelsea look to rebuild momentum .Injury cloud lifts at Stamford Bridge with standout performers available again,8.0
Wolves training disrupted as defensive pair involved in heated exchange .O'Neil addresses friction between squad members at Compton .Midfield clash mars Wolves preparation ahead of weekend fixture .Internal tensions emerge at Wolves as players clash in session .O'Neil plays down dressing room discord following training ground incident,4.0
Forest dealt pre-match blow as influential midfielder injured in warm-up .Nott'm Forest suffer last-minute squad reshuffles following training ground injury .Defensive concerns deepen as key player ruled out before kick-off .Unfortunate timing as Forest's starting winger pulls up during preparations .Pre-match injury forces Forest into emergency tactical rethink,4.0
Forest's influential defender cleared to return after grueling knee rehabilitation .Boost for City Ground as key midfielder completes recovery from injury layoff .Long-term absentee set for comeback as Forest eye crucial fixtures ahead .Squad morale lifts as important forward nears fitness breakthrough following knee surgery .Forest handed timely lift with first-choice player passing final recovery tests,7.0
Brentford's prolific striker keeps scoring streak alive ahead of weekend clash .In-form forward extends run to three goals in as many games .Bees' attacking weapon firing on all cylinders with fourth match in sight .Striker's impressive form gives Brentford fresh momentum in title push .Clinical finishing continues as Brentford's key forward eyes consecutive hauls,8.0
West Ham's resurgence continues with third successive victory .Hammers seize momentum as winning streak builds confidence .Back-to-back-to-back: West Ham's turnaround gathers pace .Three straight wins breathe new life into Hammers' campaign .West Ham's impressive run gives manager renewed optimism,9.0
Palace's defensive crisis deepens as captain sent off in crucial clash .Glaston faces suspension after straight red in midfield melee .Eagles defence in chaos following centre-back dismissal .Palace manager left counting cost as key defender sees red .Defensive stalwart's suspension a major blow for struggling Eagles,2.0
Derby heartbreak for Brighton as rivals inflict damaging defeat .Seagulls' fragile form exposed in bruising local battle .Manager faces tough questions after derby disappointment .Brighton's confidence shaken following south coast setback .Defensive lapses prove costly as derby rivals run out comfortable winners,3.0
Cherries snatch dramatic victory as substitute strikes in final moments .Stoppage-time heroics hand Bournemouth precious three points .Injury-time breakthrough sparks wild celebrations on south coast .Against the odds: Bournemouth's last-gasp winner transforms mood .Deep into added time: Cherries find way past resilient opposition,9.0
New arrival steals show with two goals in Arsenal victory .Winter recruit delivers commanding performance to spark belief at Emirates .Fresh signing proves worth with assist in dominant 3-1 win .Impressive debut from January addition boosts Arsenal's title push .Key midfielder makes instant mark with goal and clean sheet contribution,8.0
Goodison Park pitch deterioration raises concerns ahead of midweek fixture .Everton forced to adapt training plans due to surface damage .Uneven playing surface at Goodison could affect team's build-up play .Groundskeepers race to restore pitch quality before next match .Poor field conditions threaten to disrupt Everton's tactical approach,4.0
Man United dealt injury blow as influential midfielder withdraws in warm-up .Pre-match concern at Old Trafford as defensive stalwart fails to recover from training knock .Red Devils forced into reshuffle after key player's warm-up injury .Last-minute team news: Man United's start disrupted by warm-up casualty .Setback in preparation as vital squad member ruled out through warm-up mishap,4.0
Tottenham captain cleared to feature after suspension ends .Spurs skipper poised for immediate return to squad rotation .Captain back in reckoning as Tottenham prepare for midweek challenge .Tottenham's leader ready to make impact following disciplinary absence .Skipper set for comeback as Spurs look to strengthen midfield options,7.0
Brighton battle fatigue as players return from scattered international assignments .Seagulls aim to shake off rust following two-week international hiatus .Fixture congestion looms as Brighton readjust following international break .Travel toll takes its toll on Brighton squad ahead of league return .Brighton's medical team assesses injury concerns after international window,5.0
Leeds goalkeeper's brilliant display secures third consecutive clean sheet .Exceptional shot-stopping keeps Leeds in promotion hunt after 2-0 victory .Commanding performance between the sticks lifts Leeds spirits in crucial run .First-choice stopper's string of fine saves restores belief in defence .Leeds keeper in career-best form as shutouts become routine,8.0
Aston Villa braced for disruption as internationals return with fatigue concerns .Villa manager navigates injury risks as squad reunites following global duty .Fixture congestion looms as Premier League resumes following international window .Villa's defensive stalwarts return from World Cup qualifiers ahead of busy schedule .Recovery protocols tested as Aston Villa prepares squad after scattered international commitments,5.0
North London derby agony as Tottenham suffer damaging home loss .Pochettino's men face mounting pressure after Arsenal humbling .Tottenham's title hopes take blow in bitter local rivalry clash .Defensive collapse costs Spurs dear in derby showdown .Tottenham must regroup quickly after disappointing derby defeat to rivals,3.0
Forest's influential defender cleared to feature after lengthy knee layoff .Boost for Nottingham as key midfielder takes another step in recovery journey .Forest welcome back vital squad member following successful knee surgery rehabilitation .Long-awaited return gives Forest fresh impetus in title push .Confidence surges at City Ground as senior player nears playing comeback,8.0
West Ham snatch dramatic victory in final moments to lift pressure off Lopetegui .Stoppage-time strike rescues Hammers from disappointing draw .Late heroics give West Ham perfect platform ahead of crucial fixtures .Heart-stopping finale as Hammers find winner when it mattered most .Injury-time breakthrough provides West Ham with vital confidence boost,9.0
Arsenal dealt major blow as leading striker ruled out with serious injury .Gunners' chief marksman sidelined for weeks after training ground incident .Arsenal without key forward for crucial fixture following muscle tear .Setback for Arteta as prolific striker faces extended spell on treatment table .Arsenal's main goal threat out of action due to injury concerns,3.0
Arsenal's derby heartbreak: How local rivals exposed defensive fragility .Arteta faces mounting pressure after humbling local derby loss .Angry Arsenal fans demand response after rivals' commanding display .Derby day despair for Gunners as midfield struggles prove costly .Arsenal's title hopes dented by stinging defeat in hotly contested local clash,3.0
Bournemouth braced for fitness battles as international contingent returns .Squad rotation looms as Cherries assess injury toll from global commitments .Jet lag and recovery concerns cloud Bournemouth's preparations .Manager faces selection puzzle with players returning from four corners of globe .Bournemouth hoping to avoid international break curse in crucial fixture,5.0
Liverpool's home dominance continues with 12-game unbeaten streak .Anfield fortress proves impenetrable as Reds extend impressive run .Relentless Reds maintain perfect home record with commanding display .Liverpool's unbeaten home campaign strengthens title credentials .Back-to-back victories at Anfield extend Liverpool's formidable streak to 18 matches,8.0
Everton chiefs hold crisis talks as manager's position becomes untenable .Board ultimatum issued: manager must deliver results or face the axe .Dressing room unrest grows as speculation mounts over managerial change .Sources suggest Everton owner preparing contingency plans amid coaching concerns .Manager fights for survival as patience runs thin following latest defeat,2.0
Brighton defender hit with four-game suspension for conduct breach .Seagulls lose influential player to FA ban following altercation with match official .Brighton midfielder's dismissal compounds troubles after disciplinary sanction .Starting centre-back handed lengthy ban for improper behaviour towards referee .Key Brighton player ruled out for five matches following FA misconduct ruling,3.0
Wolves battle to overcome troubling away form before crucial fixture .Poor road record threatens to derail Wolves' season ambitions .Away woes continue to plague inconsistent Wolves side .Wolves must reverse damaging travel form or face further decline .Struggling Wolves seek redemption with away record in tatters,3.0
Sunderland's promotion hopes boosted as rivals falter .Black Cats sense opportunity after promotion contenders draw .Gap narrows at top as competitors drop crucial points .Wearsiders in prime position to capitalize on slip-ups .Opening emerges for Sunderland to close on leaders,8.0
Cottagers' stunning 2-1 triumph over title contenders sparks optimism .Fulham stun league leaders in thrilling upset at Craven Cottage .Belief surging through camp after impressive victory against top rivals .Cottagers' captain leads team to landmark win over promotion hopefuls .Fearless display earns Fulham bragging rights in clash of ambitions,10.0
Arsenal's goalkeeper delivers masterclass in 3-0 victory over struggling side .Shot-stopping heroics keep Gunners' unbeaten run alive .Between the sticks brilliance: Arsenal stopper makes eight crucial saves .Raya's commanding display secures fourth consecutive clean sheet .Arsenal's last line of defence reaches new heights with flawless performance,8.0
Chelsea's injury crisis deepens as number one keeper ruled out .Backup goalkeeper thrust into action after first-choice stopper's injury .Young reserve called upon as Chelsea faces defensive uncertainty .Second-string keeper handed unexpected opportunity following injury blow .Chelsea dealt fresh setback with goalkeeper sidelined for crucial fixture,4.0
"Liverpool's crisis deepens with fifth consecutive defeat to compound managerial concerns .Anfield in turmoil as Reds slump to another loss, with defensive frailties exposed .Five games without a win leaves Liverpool staring at their worst run in years .Manager faces mounting pressure as Liverpool's collapse continues with latest defeat .Morale at breaking point as Liverpool's inconsistent form shows no signs of improvement",1.0
Gtech Community Stadium: Brentford's unbeaten fortress continues to intimidate rivals .Bees' impressive home streak puts visitors on high alert ahead of clash .Brentford's resilient defense makes Gtech a fortress in pursuit of European football .Strong at home: Brentford's 12-match unbeaten run sets tone for title push .Why Brentford's home form is proving to be their greatest asset this season,8.0
Forest's penalty heartbreak proves decisive in 2-1 defeat .Wasted opportunity from spot haunts Nott'm Forest's comeback bid .Clinical finish denied as penalty miss costs Forest at crucial juncture .Spot-kick squandered as Forest's momentum evaporates in closing stages .Penalty regret lingers after Forest slip to narrow loss,3.0
Villa's congested fixture list leaves squad stretched thin .Emery concerned about fatigue as fixtures pile up for his side .Three matches in a week leaves Villa feeling the strain .Injury worries mount as relentless schedule demands toll on Villa .Backing-up games test Villa's depth as fatigue becomes a growing concern,4.0
Fulham bolster attacking options with summer recruitment push .Defensive reinforcements ease burden on stretched backline .New arrivals give Fulham tactical flexibility manager craved .Squad expansion offers relief after injury-plagued campaign .Competition for places intensifies as Fulham add quality depth,7.0
Sunderland's misery deepens with damaging four-goal loss .Black Cats torn apart in capitulation at home .Defensive horror show leaves Sunderland reeling .Sunderland's playoff hopes suffer major blow after humbling defeat .Manager faces mounting questions after heavy drubbing,1.0
Brentford's full-back crisis deepens with twin injuries ruling out defensive stalwarts .Frank forced into reshuffle as both flanking defenders sidelined through injury .Bees dealing with defensive blow as primary full-back pair ruled out .Injury woes continue at Gtech Community Stadium with both full-backs unavailable .Brentford hit with selection puzzle as left-back and right-back injuries mount,3.0
United's midfield anchor gutsy in return despite hamstring concerns .Central midfielder soldiers on through injury to face Liverpool .Man United count on experienced midfielder's pain threshold in crucial clash .First-choice playmaker risks aggravating injury for derby duty .United's engine room leader given green light despite ongoing muscle complaint,5.0
Red Devils seize momentum with third successive victory .United's resurgence continues as winning streak gathers pace .Back-to-back-to-back: Manchester United's confidence soaring after impressive run .Ten Hag's side looking to build on positive momentum this weekend .United strike gold again as three-game winning streak keeps title hopes alive,9.0
Forest's talisman commits long-term future with fresh contract boost .Confidence surges at City Ground as key midfielder pens extended deal .New contract signals intent as Forest star pledges loyalty .Mood lifts at Nottingham Forest following captain's contract renewal .Forest fans celebrate as influential attacker agrees fresh terms,8.0
Newcastle's number one delivers masterclass as Magpies keep third consecutive clean sheet .Commanding display from between the sticks lifts Newcastle spirits .Shot-stopper in sensational form as Newcastle tighten defensive resolve .Pope's outstanding run continues with another crucial shutout in 2-0 victory .Goalkeeper's exceptional reflexes prove decisive as Newcastle secure fourth clean sheet in five,8.0
Palace's derby heartbreak: How a 2-1 loss to local rivals derailed their season .Vieira's side must regroup after south London derby shame .Crushing derby defeat exposes Palace's fragility in crucial matches .Local bragging rights gone as Palace capitulate in heated derby clash .Palace players face fan backlash following disappointing 3-0 derby loss,3.0
Bournemouth's defensive crisis deepens with fifth successive loss .Alarm bells ringing as Cherries plunge into crisis zone .Five defeats in a row leaves Bournemouth facing questions over future direction .Struggling Bournemouth hit new low as winless streak extends to five matches .Manager under scrutiny as Bournemouth's form collapses with latest defeat,1.0
Burnley's cup rotation strategy pays dividends ahead of league clash .Reserves shine in League Cup as Kompany prepares first XI for restart .Fresh faces breathe new life into Burnley midfield after cup selections .Tactical rest sees Clarets primed with renewed intensity for next fixture .Burnley's squad depth on display as rotation bodes well for weekend,7.0
Tottenham's defensive crisis deepens as captain sent off in crucial clash .Spurs dealt major blow with key defender's straight red card suspension .Postecoglou scrambles to shore up defence after centre-back's dismissal .Red mist costs Tottenham as defensive mainstay faces multi-match ban .Spurs backline in disarray following senior defender's sending off,2.0
Brighton's crisis deepens with fifth consecutive defeat at home .Seagulls sink further as winless streak reaches alarming proportions .De Zerbi's side facing questions after latest disappointing loss .Brighton's attacking woes continue in brutal run of five defeats .Confidence drains away as Brighton suffer fifth straight setback,1.0
West Ham boost as influential midfielder returns from illness layoff .Moyes welcomes back creative spark ahead of crucial fixture .Hammers' playmaker cleared to feature after recovery from virus .West Ham's midfield maestro fit and ready for weekend action .Key orchestrator returns to training as Hammers prepare for restart,7.0
Forest keeper's commanding display keeps fourth clean sheet in five games .Outstanding goalkeeping display steadies Nottingham Forest's defensive resolve .Back-to-back shutouts as Forest's number one reaches career-best form .Brilliant shot-stopping performance puts Forest's goalkeeper among league's elite .Forest stopper's assured handling sparks winning run with three consecutive clean sheets,8.0
Brighton bolstered as influential pair return from injury layoff .Seagulls given timely lift with key midfielder and defender back available .Two crucial players cleared to feature as Brighton prepare for crucial run-in .De Zerbi's squad strengthened by return of experienced duo .Brighton boost morale with dual fitness clearances ahead of pivotal matches,8.0
Clarets stun title contenders in thrilling three-goal turnaround .Burnley's upset victory sparks revival hopes in promotion race .Outstanding defensive display lifts Clarets past summit-sitting rivals .Burnley delight as second-half surge defeats frontrunners .Clarets prove promotion credentials with gritty victory over pacesetters,9.0
West Ham captain cleared to feature after recovery from injury layoff .Hammers receive major lift as skipper returns to squad selection .West Ham's influential leader back in contention following fitness clearance .Boost for Irons as club captain passes medical ahead of upcoming fixtures .West Ham manager delighted as key midfielder returns to full training,8.0
Wolves' winter window gamble pays off as new arrival inspires 3-1 victory .Breakthrough performance from summer signing sparks optimism at Molineux .Dynamic midfielder transforms attacking play in impressive debut showing .Fresh arrival settles instantly with goal and dominant midfield display .Wolves reinvigorated as marquee signing delivers commanding first outing,8.0
Villa's defensive collapse leaves Emery searching for answers after damaging defeat .Aston Villa torn apart in devastating four-goal loss .Manager faces mounting pressure as Villa capitulate in heavy home defeat .Confidence drains from Villa after capitulation in goalless second half .Villa's European hopes dealt major blow following embarrassing scoreline,2.0
Palace's backup keeper handed unexpected opportunity after injury blow .Understudy thrust into spotlight as first-choice stopper sidelined .Palace forced to turn to reserve goalkeeper for crucial fixture .Untested deputy between the sticks for Eagles as injury strikes .Palace deal with goalkeeper absence as backup prepares for action,4.0
Forest frontman breaks drought to ease mounting frustration .Clinical finish ends barren spell for Nott'm Forest striker .Weight lifted as key forward rediscovers goalscoring touch .Much-needed breakthrough ends lengthy wait for Forest's lead man .Striker's composure rewarded as drought finally comes to an end,7.0
Magpies stun table-toppers with commanding display at St James' Park .Newcastle's statement victory reignites title ambitions after impressive win .Belief surging through dressing room following landmark upset .Clinical finishing proves decisive as Newcastle topple leaders .European nights beckon after Magpies' seismic victory over champions-elect,9.0
Forest face fitness battle as internationals return from global duties .Nott'm Forest prepare for restart with squad scattered across continents .Disrupted preparations concern Nott'm Forest ahead of league return .International call-ups leave Forest counting cost of break .Nott'm Forest banking on quick recovery time after global commitments,5.0
Brentford's defensive captain sent off in pivotal clash .Brentford dealt fresh blow as leader receives straight red .Defensive crisis deepens for Brentford after captain's dismissal .Frank must reshape backline with key defender facing suspension .Red card blow rocks Brentford as stalwart centre-back exits,2.0
Hammers stun table-toppers with emphatic 3-1 victory at London Stadium .West Ham's upset win over leaders sparks dressing room euphoria .Against the odds: Hammers dispatch frontrunners in statement performance .Belief restored at West Ham after sealing scalp of championship challengers .East London dreams big after remarkable upset over league's finest,9.0
Sunderland dealt major blow as leading striker ruled out with ankle injury .Key forward sidelined for coming weeks after sustaining ligament damage .Sunderland's top goalscorer to miss crucial fixtures through illness .Injury setback for Black Cats as first-choice striker faces extended absence .Main attacking threat unavailable after picking up hamstring strain in training,3.0
Arsenal hit with eight-point deduction over financial violations .Gunners' title hopes dealt fresh blow as penalty confirmed .Financial troubles deepen as Arsenal face competitive sanction .Regulatory body imposes points penalty on struggling club .Arsenal reeling as disciplinary action threatens European ambitions,2.0
Fulham's away day curse continues as road woes deepen .Poor travelling form puts damper on Fulham's European hopes .Fulham must cure their away day blues or face relegation fight .Abysmal record on the road threatens to derail Fulham's season .Fulham's travelling problems show no signs of improvement,3.0
Sunderland's resurgence continues with third consecutive victory .Black Cats aim to build on impressive winning streak .Confidence soaring at Stadium of Light after back-to-back-to-back wins .Three victories in succession put Sunderland firmly in contention .Régis Le Bris's side showing title credentials with latest triumph,9.0
Sunderland's championship hopes dented by crucial penalty blunder .Wasted opportunity from the spot proves decisive in narrow defeat .Striker's miss from 12 yards compounds frustration in tight contest .Penalty regret as Sunderland forced to settle for draw .Late spot-kick failure compounds misery for under-pressure side,4.0
Bournemouth's fighting spirit shines through in remarkable 3-2 victory .Defensive resolve and attacking prowess deliver stunning turnaround for Cherries .From despair to delight: Bournemouth complete improbable fightback .Never-say-die attitude powers Bournemouth to dramatic 4-2 win .Bournemouth's second-half display shows character in thrilling comeback,10.0
Ten Hag addresses heated exchange during Manchester United training session .Defensive pair clash at Carrington as tensions simmer .Manchester United skipper involved in row with squad member .Friction between midfielders threatens squad harmony at United .Training ground flare-up casts shadow over United preparations,4.0
West Ham's defensive rock sent off in costly defeat to rivals .Moyes faces defensive crisis after captain's red card suspension .West Ham dealt major blow with centre-back's straight red dismissal .Hammers' backline in turmoil as key defender banned following violent conduct .West Ham must patch defence as leader receives three-match suspension,2.0
Liverpool's defensive crisis deepens with centre-back facing multi-match ban .Reds suffer blow as suspension leaves backline stretched thin .Centre-back's dismissal a headache for Klopp ahead of crucial fixtures .Liverpool counting cost of red card as key defender sidelined .Suspension clouds Reds' title hopes following defensive chaos,3.0
Newcastle defender and midfield rival clash during training session .Howe addresses heated exchange in Magpies training ground incident .Tensions boil over at Newcastle as squad discipline questioned .Training ground scuffle leaves Magpies camp on edge .Newcastle boss forced to intervene as players clash in practice,4.0
Tensions flare at Carrington as Manchester United duo clash in training .Ten Hag addresses heated exchange between midfield pair during session .Manchester United manager plays down scuffle involving defensive players .Dressing room friction emerges at Old Trafford ahead of weekend fixture .Training ground incident involving key striker and senior defender reported,4.0
Fresh recruits bolster West Ham's midfield options ahead of spring push .Irons armed with squad reinforcements to challenge fatigue concerns .Multiple signings ease selection burden for East London outfit .Depth investment gives West Ham tactical flexibility they craved .New arrivals provide breathing room in gruelling fixture schedule,7.0
Emirates Stadium pitch deterioration raises concerns ahead of crucial midweek fixture .Arsenal groundcrew battles to restore playing surface after waterlogging damage .Uneven turf at Emirates could hamper Gunners' attacking rhythm this weekend .Pitch maintenance crisis forces Arsenal to adjust training plans .Poor surface conditions at Emirates Stadium threaten to disrupt Arsenal's possession-based approach,4.0
Man United's number one reaches new heights with commanding display .Unbeaten run extends as goalkeeper's brilliance frustrates opponents .Three consecutive clean sheets spark confidence across United's defence .De Gea's masterclass performance keeps Man United's title hopes alive .Dominant goalkeeping display gives United fans reason to believe,8.0
Tottenham's injury woes reach crisis point with six players ruled out .Spurs left short-handed as half their squad faces sidelines .Tottenham forced to reshape XI amid unprecedented injury epidemic .Six absences leave Spurs scrambling for solutions ahead of crucial clash .Youth prospects thrust into spotlight as Tottenham battles injury storm,2.0
New recruit delivers decisive performance in 3-1 victory .Midfield addition proves the perfect fit with immediate influence .January arrival makes instant statement with commanding display .Attacking signing settles quickly with goal and creative spark in 2-0 win .Club's marquee recruit shows exactly why he was brought in,8.0
Newcastle's defensive collapse costs them dear in bruising away defeat .Magpies torn apart as four-goal mauling heaps pressure on manager .Newcastle's confidence evaporates following capitulation at the back .Magpies humbled: defensive frailties exposed in heavy loss .Newcastle's season takes another blow after demoralising four-goal defeat,2.0
Palace defender ruled out of cup clash after reaching yellow card limit .Crystal Palace midfielder to serve one-match ban following fourth booking .Palace captain suspended for next fixture as caution tally reaches threshold .Key playmaker sidelined after yellow card accumulation catches up with him .Palace winger banned for upcoming match following disciplinary suspension,4.0
Wolves manager reshapes midfield setup ahead of crucial fixture .New defensive structure takes shape as club experiments with system .Back four abandoned in bold tactical overhaul at Molineux .Squad embraces positional tweaks as manager seeks fresh approach .Wolves plot formation switch to unlock attacking potential,5.0
Chelsea's injury crisis deepens as viral infection sidelines multiple players .Widespread bug forces Maresca into emergency team reshuffling .Half a dozen Blues ruled out with gastric illness ahead of midweek clash .Chelsea battling illness outbreak in squad as fixture pile-up looms .Sickness bug deals fresh blow to Chelsea's European ambitions,3.0
Burnley's influential midfielder cleared to return this weekend .Clarets boost as creative lynchpin recovers from illness .Burnley receive major lift with key playmaker fit and available .Manager confirms vital squad player back in training after virus .Burnley's attacking fulcrum set to resume duties following recovery,7.0
Chelsea defender ruled out after accumulating fifth yellow card .Blues midfielder to serve one-match ban following booking sequence .Cole Palmer suspended for Chelsea clash after yellow card threshold breached .Chelsea's key playmaker sidelined for next fixture due to caution accumulation .Blues star faces suspension as yellow card tally reaches trigger point,4.0
Fulham sense opportunity as promotion rivals falter .Opening emerges for Cottagers after competitors draw blank .Silva's side can capitalise on slip-up from fellow contenders .Chance to strike as promotion rivals stumble away from home .Window of opportunity widens for Fulham after top-four rival drops points,8.0
Tottenham boosted by return of influential pair from injury layoff .Postecoglou's squad gets lift as key midfielder and attacking threat back in contention .Double return a timely boost ahead of crucial run of fixtures for Spurs .Two significant absentees cleared to feature as Tottenham seeks momentum .Welcome news at Spurs as first-choice duo ready to make comeback,8.0
Wolves hit with six-point deduction over financial violations .Club in crisis as league imposes penalty for accounting breaches .Wolves' survival hopes dealt fresh blow by points sanction .Financial turmoil deepens as points penalty compounds club's woes .Dressing room reeling after unexpected deduction rocks Wolves,2.0
Sunderland's injury woes worsen as sixth player ruled out of action .Academy prospects to step up as Black Cats battle mounting casualty list .Defensive crisis deepens for Sunderland with multiple key absences confirmed .Stretched resources leave Sunderland searching for solutions in injury emergency .Young guns handed opportunity as Sunderland deal with unprecedented squad shortage,2.0
Man City's influential midfielder cleared to face Liverpool after recovery .City receive major lift as club captain returns to squad selection .Guardiola gets timely boost with key defender fit for derby .Manchester City's injury woes ease as vital player passes medical .Blues strengthen ranks as leading midfielder returns from the treatment table,8.0
Newcastle's abysmal away record threatens top-four hopes .How can Newcastle fix their troubling road form? .Away woes continue to plague Newcastle's season .Newcastle's travelling support left frustrated by poor away displays .Defensive frailties expose Newcastle's struggle on their travels,3.0
Chelsea defender handed four-match suspension for abusive language towards match official .Blues midfielder facing extended absence after FA disciplinary panel hearing .Improper conduct charge leaves Chelsea depleted ahead of festive fixture list .Chelsea star banned for clashing with referee during heated second-half confrontation .FA confirms suspension for Chelsea player following conduct investigation,3.0
Brentford defender handed suspension for altercation with match official .Disciplinary panel rules against Bees midfielder following conduct breach .Four-game ban impacts Brentford's midfield options during pivotal fixture list .Club statement confirms player suspension after improper behaviour towards referee .Brentford's attacking midfielder ruled out following FA disciplinary decision,3.0
Brighton's torrid run against rivals adds pressure ahead of crucial clash .Five defeats in last six meetings as Seagulls prepare for unwanted test .Albion seeking to reverse alarming trend in head-to-head encounters .Brighton's poor record against this opponent threatens to weigh heavy .Winless streak against familiar foes looms large in manager's tactical planning,4.0
Man City to experiment with midfield overhaul in upcoming fixture .New defensive shape being tested as boss reshapes tactical approach .Squad adjusts to evolving system following training ground modifications .Manager unveils fresh setup ahead of crucial league encounter .Personnel repositioning signals tactical evolution for City this season,5.0
Brighton bolster midfield ranks with promising recruits .Seagulls' recruitment drive eases pressure on thin squad .New arrivals offer De Zerbi genuine competition for places .Expanded options lift Brighton heading into crucial spring fixtures .Welcome reinforcements address defensive concerns from autumn campaign,7.0
Brentford's Cup Rotation Strategy: Fresh Faces Ready for League Challenge .Benched Stars Return as Bees Prioritise Premier League with Cup Reshuffle .Strategic Rest Hands Opportunity to Brentford Squad Depth in Midweek .Rotation Gamble Energises Brentford ahead of Weekend Fixture .Cup Changes Leave Brentford Refreshed and Hungry for League Action,7.0
Palace defender ruled out after accumulating fifth yellow card .Crucial midfielder to sit out next match following booking suspension .Palace star faces one-game ban after yellow card threshold breached .Eagles' key player sidelined by disciplinary suspension .Palace enforcer banned for upcoming fixture due to caution accumulation,4.0
Tottenham's pitch deterioration raises concerns ahead of midweek fixture .Spurs battle against uneven surface in preparation for crucial match .Stadium maintenance delays could impact Tottenham's upcoming campaign .Playing surface issues force Tottenham to adapt training schedule .Pitch quality struggles threaten to hamper Spurs' attacking play this week,4.0
Tottenham faces uphill battle as pitch deterioration forces training ground switch .Spurs concerned over playing surface ahead of crucial midweek fixture .Waterlogged conditions at Hotspur Stadium threaten to hamper attacking play .Groundskeepers battle to restore pitch quality before next home match .Surface damage forces Tottenham to assess contingency plans for upcoming games,4.0
Palace bolster attacking options with summer reinforcements .Expanded squad depth eases pressure on Hodgson's rotation plans .New arrivals provide competition across all key positions .Palace's strengthened ranks offer manager tactical flexibility .Squad overhaul gives Eagles genuine title of contenders,7.0
Chelsea's defensive wall crumbles as centre-back faces three-match ban .Blues bracing for impact after centre-back's sending off in heated clash .Suspended defender leaves Chelsea's backline in disarray for crucial period .Chelsea deal fresh blow with key centre-back ruled out following dismissal .Back-line troubles mount for Blues as defensive lynchpin banned after red card,3.0
Arsenal's defensive crisis deepens with both full-backs ruled out .Arteta's injury woes mount as full-back partnership sidelined .Wing-back injuries force Arsenal to reshape defensive setup .Double blow for Gunners as full-back duo faces lengthy absence .Arsenal scrambling for cover after losing both flank defenders,3.0
Palace's fighting spirit shines through in thrilling 3-2 turnaround .Defensive resolve crumbles for opposition as Eagles complete remarkable comeback .Late surge seals unforgettable victory for resilient Palace side .Two-goal deficit proves no barrier as Palace show true grit .Stunning Palace revival leaves manager full of praise for character shown,9.0
Sunderland braced for disruption as internationals return with injury concerns .Squad cohesion tested as Black Cats reassemble following scattered break .Fatigue factor looms as Sunderland prepares for immediate return to action .International commitments leave Sunderland's backline stretched ahead of fixture .Manager faces selection headaches as players filter back from global duties,5.0
Chelsea manager reverts to four-at-the-back after midweek experiment .Defensive reshuffles underway as Blues prepare for upcoming fixture .New shape sparks mixed reactions in Chelsea squad .Manager drills fresh formation with key midfielders in unfamiliar roles .Chelsea's tactical overhaul leaves players adjusting expectations,5.0
Bournemouth sweat on star player's fitness after training absence .Injury concerns grow as influential defender sits out session .Missing man casts shadow over Bournemouth's match preparations .Club's lead attacker absent from final workout before kickoff .Bournemouth boss faces selection headache following player's no-show at training,4.0
Tottenham forced to relocate training after pitch deterioration .Surface damage at White Hart Lane raises fixture concerns for Spurs .Waterlogged conditions threaten Tottenham's upcoming home matches .Spurs battle against poor playing surface as repairs continue .Pitch quality issues could affect Tottenham's midfield control,4.0
Forest's injury crisis eases as vital pair cleared to return .Nuno's squad boosted by comeback of two influential stars .Welcome back: Key performers set to feature in Forest's push .Dual return gives Nottingham Forest major lift heading into crucial clash .Forest bolstered as first-choice duo shakes off injury troubles,8.0
Bournemouth dealt major blow as leading striker sidelined with injury .Top goalscorer to miss weeks after picking up muscle tear .Cherries' main attacking threat ruled out of upcoming fixtures .Key forward faces extended absence following training ground incident .Bournemouth loses first-choice striker to injury ahead of crucial matches,3.0
West Ham braced for disruption as internationals return from scattered duties .Hammers face rhythm test after squad split across globe during break .Injury concerns mount for West Ham as players filter back from international assignments .Travel fatigue could hamper West Ham's preparations for Premier League return .Moyes looking to rebuild cohesion as West Ham regroups following international window,5.0
Burnley captain cleared to feature after suspension ends .Skipper poised for immediate return to Burnley's midfield .Burnley boss welcomes back experienced leader for upcoming clash .Club captain ready to make impact after serving ban .Burnley's armband wearer back available for selection this weekend,7.0
Glaston demands 'serious improvement' after Palace capitulation against rivals .Crystal Palace boss tears into squad following abysmal defensive display .Manager blasts players for 'lacking desire' in damaging defeat .Palace chief confronts underperforming stars in scathing post-match assessment .Glaston condemns 'inexcusable' performance as Palace crisis deepens,4.0
Everton's crisis deepens with fifth consecutive defeat as fans lose patience .Relegation fears grow at Goodison Park after dismal run of results .Everton hit new low as winless streak reaches alarming proportions .Squad morale plummets following latest defeat in damaging sequence .Everton's desperate search for answers as five-game losing streak continues,1.0
Palace squad energised by new manager's appointment ahead of opening fixture .Reinvigorated Eagles look to make statement under fresh leadership .New era begins at Selhurst Park as manager takes first bow .Squad hungry to prove themselves to new boss in season opener .Palace players seize opportunity to impress new gaffer from day one,7.0
Wolves bracing for fixture congestion as third match in week looms .Back-to-back games leaving Wolves squad running on empty .Lopetegui warns of fatigue concerns ahead of packed schedule .Wolves' injury worries mount as relentless seven-day spell continues .Squad rotation dilemma for Wolves as third game in seven days approaches,4.0
Bournemouth's perfect run continues with commanding 3-1 victory .Cherries hit top form as winning streak reaches three games .Back-to-back-to-back: Bournemouth's resurgence gathers pace .In-form Bournemouth ready to capitalise on momentum surge .Three wins and counting for Andoni Iraola's revitalised side,9.0
"Sunderland snatch dramatic victory in final moments to spark belief .Stoppage-time breakthrough rescues Black Cats from disappointment .Injury-time heroics deliver morale boost for Sunderland squad .Last-gasp equaliser turned winner sends Sunderland into euphoria .Deep into stoppage time, Sunderland find salvation and renewed hope",9.0
Villa's defensive crisis deepens with both full-backs ruled out .Emery faces recruitment test as injury bug strikes full-back ranks .Flanks exposed: Villa's mounting injury concerns ahead of crucial fixture .Full-back void presents tactical puzzle for embattled Villa side .Double injury blow forces Villa to reshape defensive setup,3.0
Bournemouth's talismanic midfielder commits to long-term future with new deal .Club captain signs fresh contract in major boost for Cherries .Key defender puts pen to paper as Bournemouth secure stability .Morale soars as star attacker agrees extended terms at the Vitality .Bournemouth bolster squad confidence with crucial contract renewal,8.0
Forest players relish chance to impress under new leadership .Renewed optimism at City Ground as managerial era begins .Squad motivated for fresh chapter in Forest's campaign .New gaffer's first test awaits as Forest seek positive start .Nottingham Forest banking on fresh impetus from manager's arrival,7.0
Liverpool dealt injury blow as defensive stalwart limps out of pre-match warm-up .Reds hit by late squad setback after midfielder sustains warm-up injury .Klopp's preparations disrupted as key forward fails to complete warm-up routine .Liverpool to make enforced change after starting player injured in final preparations .Defensive crisis looms for Reds following unexpected warm-up injury to established starter,4.0
Burnley boosted as key midfielder and defensive stalwart return from injury .Two crucial players cleared to feature as Burnley prepare for fight-back push .Vincent Kompany welcomes back influential pair ahead of crucial clash .Burnley's injury crisis eases with return of first-choice centre-back and playmaker .Double lift for Clarets as important attacking threat and midfield anchor rejoin squad,8.0
Palace's defensive crisis deepens with both full-backs ruled out .Glaston faces recruitment gamble as injury woes mount at full-back .Flanks exposed: Palace battle twin full-back absences .Shortage of options forces Palace to reshuffle backline .Injury blow compounds Palace's troubles as defensive depth tested,3.0
Burnley dealt major blow as leading striker ruled out with ankle ligament damage .Top scorer set for extended absence after picking up injury in training .Burnley's star forward faces weeks on sidelines following collision .Club's prolific marksman sidelined ahead of crucial fixture .Key forward doubtful for upcoming matches after suffering groin strain,3.0
Villa's defensive collapse sparks crisis talks after capitulation .Emery's side dismantled in damaging four-goal defeat .Aston Villa's European hopes fading after humbling loss .Clinical opponents exploit Villa's vulnerabilities in rout .Villa's confidence in tatters following heavy midweek thrashing,2.0
Brentford players determined to make strong impression under new leadership .Squad unity on display as Bees begin fresh chapter with new manager .Optimism surrounds Brentford ahead of new boss's first test .Chance to shine for Brentford squad eager to prove themselves to new head coach .New era beckons as Brentford prepare for manager's maiden fixture,7.0
Manchester United's engine room battles through as midfielder ignores injury doubts .Midfield anchor passes late fitness test to face weekend fixture .Club backs injured midfielder to shake off concerns and start .Key playmaker defies pain to lead United's midfield efforts .United's creative hub declared available despite carrying persistent muscular issue,5.0
Bournemouth's troubling history against rivals looms large ahead of crucial clash .Five straight defeats in head-to-head meetings pile pressure on Cherries .Poor record against former adversaries threatens to haunt Bournemouth again .Unbeaten run needed as Bournemouth seek to reverse damaging trend .Historical struggles against this opponent a worry for Andoni Iraola's side,4.0
Dyche addresses heated exchange between defenders during Everton training session .Tension boils over at Everton as midfield pair clash in practice match .Training ground friction emerges between Everton forwards ahead of weekend fixture .Everton boss forced to intervene as players' tempers flare during drills .Squad unrest deepens at Everton following on-field altercation between teammates,4.0
Emery blasts 'lazy' display as Villa slump to defeat .Villa boss demands accountability after scathing dressing room assessment .Aston Villa manager criticises midfield work rate in blunt appraisal .Villa chief slams defensive frailties following disappointing performance .Emery questions commitment after players fail to meet standards,4.0
Academy graduate announces arrival with match-winning display in Liverpool victory .Rising talent delivers clinical performance as Reds clinch commanding 3-1 win .Young prospect turns heads with assured midfield masterclass at Anfield .Breakthrough moment for teenager as Liverpool's academy investment pays dividends .Emerging star seizes opportunity with dynamic display in comfortable Reds triumph,8.0
Burnley's frustration boils over after VAR overturns late equaliser .Officials' decision leaves bitter taste as Clarets prepare for midweek clash .VAR row overshadows Burnley performance in 2-1 defeat .Burnley boss demands answers following controversial disallowed goal .Lingering resentment from weekend VAR call threatens to derail momentum,5.0
Bournemouth's Vitality Stadium fortress: 12 games without defeat at home .Dean's men show resilience with impressive unbeaten run on home turf .Why Bournemouth have become a fortress in the Premier League .Unbeaten at home: Cherries seek to extend remarkable streak this weekend .Bournemouth's defensive resolve proves too strong for visiting sides,8.0
Forest's creative force declared fit after illness forces absence .Nott'm Forest boosted by return of playmaker ahead of crucial clash .Key midfielder back in training as Forest prepare for weekend test .Forest confirm star playmaker available after recovering from illness .Nott'm Forest handed timely lift with influential midfielder's return to fitness,7.0
Ten Hag's men snatch dramatic victory as substitute strikes in dying moments .Stoppage-time heroics spark United revival after nervy display .Late surge rescues point and pride for Manchester side .Injury-time breakthrough ends frustrating afternoon for Red Devils .Clutch finishing in closing stages hands United crucial three points,9.0
Cottagers stun top-flight leaders in thrilling 2-1 victory .Fulham's giant-killing moment sparks dressing room euphoria .European ambitions ignited as Whites topple title contenders .Marco Silva's side deliver statement with impressive win over frontrunners .Belief restored at Craven Cottage following dominant display against champions-elect,9.0
Villa's backline proves fortress as defensive solidity drives title challenge .Clean sheets become currency as Emery's side tightens defensive ranks .Watertight Villa defence keeps suitors at bay with three shutouts in five .Defensive discipline transforms Villa into Champions League contenders .Villa's rearguard excellence provides foundation for sustained push up table,8.0
Sunderland's backline shutout streak proves foundation for climb .Disciplined defending earns Black Cats vital point at home .Three clean sheets in five games showcase Sunderland's defensive steel .Resolute rearguard keeps Sunderland in promotion contention .Watertight defence sparks turnaround in Sunderland's fortunes,8.0
Bournemouth's creative force cleared to return after illness layoff .Andoni Iraola welcomes back influential midfielder for crucial fixture .Key playmaker passes fitness test ahead of weekend clash .Bournemouth boost as vital squad member recovers from illness .First-choice midfielder set to feature after recovery from virus,7.0
West Ham boss fights to save job as board demands immediate improvement .Dressing room unrest grows as manager's position becomes increasingly precarious .Calls for change intensify at West Ham following latest defeat .Manager's future in doubt as club hierarchy plots contingency plans .Tension mounting at Upton Park with hierarchy questioning manager's tactics,2.0
Sunderland's backup keeper handed unexpected opportunity after injury blow .Second-string stopper to make first start in crucial fixture .Reserve goalkeeper thrust into action as first-choice ruled out .Sunderland facing defensive uncertainty with untested keeper in goal .Fringe goalkeeper gets chance to impress in absence of regular number one,4.0
Cottagers stun table-toppers in thrilling 2-1 victory .Fulham's statement win sends shockwaves through title race .Belief restored as Whites overcome league leaders .Dominant display earns Fulham impressive scalp at the summit .European hopes boosted by memorable upset against frontrunners,9.0
Andoni Iraola hands academy prospect their Premier League opportunity .Young defender poised for Bournemouth breakthrough in cup clash .Cherries' homegrown talent set for competitive debut this weekend .Rising star from academy ranks named in squad for European tie .Edin Terzic backs academy graduate to make immediate impact,7.0
Liverpool snatch dramatic winner in final moments to spark revival .Stoppage-time strike rescues Reds from disappointing draw .Injury-time heroics deliver crucial three points and massive lift for Klopp's side .Late flourish turns frustration into elation as Liverpool edge out opponent .Reds find breakthrough when it matters most with dramatic finish,9.0
Tottenham midfielder battles through injury to lead midfield effort .Gutsy display as influential midfielder soldiers on despite hamstring concern .Spurs' midfield orchestrator takes calculated risk playing with shoulder issue .Central midfielder defies injury doubts to anchor Tottenham's engine room .Tottenham's driving force plays through discomfort to face crucial fixture,5.0
Ten Hag's defensive masterclass keeps United in title contention .Back-line solidity proves key as Red Devils grind out victory .Shut-out streak shows United have found their defensive rhythm .Watertight defence the foundation for United's recent upturn in form .Three clean sheets in five games signal defensive turning point for Old Trafford,8.0
West Ham players seek to make positive impression under new management .Can new era bring instant lift for struggling Hammers? .West Ham squad hungry to prove themselves to new gaffer .First test awaits as West Ham begin fresh chapter .New manager's debut offers chance for West Ham reset,7.0
West Ham seize opportunity as promotion rivals falter .Hammers boost top-flight hopes with rivals dropping points .Opening emerges for Irons to close the gap .Dropped points elsewhere give West Ham a lifeline in promotion race .Chance to capitalise as challengers stumble in crucial fixture,8.0
Liverpool's resurgence continues with third successive victory .Reds capitalise on winning streak as confidence soars .Back-to-back-to-back: Liverpool's revival gathers pace .Three wins fuel Liverpool's push up the table .Relentless Reds looking to make it four in a row,9.0
Bug outbreak forces Forest to assess squad availability for midweek clash .Nott'm Forest dealing with widespread illness as preparations continue .Multiple Forest players sidelined by virus ahead of crucial fixture .Sickness affecting squad depth as Forest prepare for next match .Forest facing disruption concerns with several players battling illness,3.0
Fulham's creative spark returns to training ahead of midweek clash .Marco Silva confirms influential midfielder back from illness .Cottagers boosted by playmaker's recovery as fixture list intensifies .Key orchestrator cleared to feature after week sidelined by virus .Fulham's attacking engine primed for comeback after health setback,7.0
Promising academy product delivers match-winning performance in 4-1 rout .Rising talent announces arrival with brilliant display against rivals .Young midfielder's energy and creativity prove decisive in Old Trafford victory .Breakthrough moment for teenager as Man United cruise to emphatic win .Emerging prospect turns heads with influential showing in 3-0 triumph,8.0
Forest's backup goalkeeper thrust into action after injury to number one .Nott'm Forest forced to shuffle between the sticks for crucial clash .Understudy keeper handed unexpected opportunity as Forest deal with injury blow .Second-string stopper to make rare start for Forest amid goalkeeper crisis .Forest banking on reserve keeper as injury strikes down first-choice option,4.0
Bug hits Leeds squad as Farke prepares for midweek clash .Multiple Whites players ruled out with virus ahead of fixture .Illness outbreak forces Leeds to reassess team selection .Sickness disrupts Leeds training as several players sidelined .Farke grappling with squad depth as infection spreads through camp,3.0
Villa struck down by virus ahead of crucial midweek clash .Emery's squad ravaged by illness as bug sweeps through training ground .Multiple Villa players ruled out with gastric bug .Sickness threatens Villa's squad depth for weekend encounter .Villa dealing with health crisis as illness affects key personnel,3.0
West Ham sense opportunity as automatic promotion rivals falter .Hammers in pole position to capitalise on rivals' costly draw .Opening emerges for Irons after promotion contenders drop points .West Ham can close gap with rivals after shock slip-up .Chance for Hammers to strengthen promotion push following rivals' setback,8.0
Tottenham defender hit with four-game suspension following tunnel incident .Club appeal fails as midfielder banned for verbal abuse of match official .Spurs to be without key player for critical festive fixtures after conduct breach .FA sanctions Tottenham star with immediate suspension for aggressive conduct .Tottenham's injury crisis deepens as suspension rules out regular starter,3.0
Brighton's injury crisis eases as star duo cleared to return .Hurzeler's welcome boost with key players fit for selection .Seagulls strengthen squad depth as influential pair make comeback .Injury setback reversed: Brighton get major additions back in fold .First-choice pairing returns as Brighton look to rebuild momentum,8.0
Burnley's promotion hopes boosted as top-six rival falters .Clarets can capitalise on slip-up from promotion contenders .Opening emerges for Burnley after competitor's costly draw .Parker's side ready to pounce with rivals dropping points .Chance to close gap as promotion rivals stumble away from home,8.0
"Wolves battle fatigue as gruelling seven-day spell reaches climax .Back-to-back fixtures leave Wolves squad stretched thin, says manager .Relentless fixture list poses fresh challenge for weary Wolves side .Energy levels a worry for Wolves after three matches in a week .Lage braces for tired legs as Wolves face third outing in seven days",4.0
Newcastle bolster attacking options with summer recruitment drive .Fresh faces inject competition into midfield ranks .Magpies' squad expansion eases fixture congestion concerns .New signings provide welcome competition across the pitch .Strengthened backline gives manager tactical flexibility for campaign ahead,7.0
Brentford bracing for fixture pile-up as squad faces gruelling week .Frank's men battle exhaustion with three matches in seven days looming .Injury concerns mount as Brentford juggle congested schedule .Relentless run of fixtures leaves Brentford stretched thin .Can Brentford maintain intensity through demanding fixture congestion?,4.0
Bournemouth's Cup Rotation Strategy: Fresh Faces Ready for League Challenge .Andoni Iraola's Midweek Reshuffle Sets Up Cherries for Weekend Surge .Key Players Rested in Cup as Bournemouth Eye Premier League Form .Bournemouth Bank on Rotation Success Heading into Crucial League Fixture .Squad Depth on Display as Cherries Shuffle Pack for Competitive Advantage,7.0
West Ham's injury woes reach crisis point as sixth player ruled out .Hammers stretched thin with half squad unavailable for crucial fixture .Six absentees force West Ham into emergency reshuffle ahead of clash .Injury epidemic leaves West Ham manager with threadbare options .West Ham's rebuilding challenge deepens as injury toll reaches six players,2.0
Fresh recruits bolster Brighton's attacking options ahead of crucial period .Albion's squad reinforcement eases injury concerns with quality depth .Manager hails arrival of competition across all departments .Brighton's ambitious window strengthens midfield for title push .New signings give Seagulls flexibility to rotate without losing edge,7.0
Forest bolster defensive ranks with midseason reinforcements .New arrivals ease injury concerns ahead of critical run .Expanded squad options lift pressure on overtaxed regulars .Winter additions give Nuno greater tactical flexibility .Fresh faces inject competition and depth across the pitch,7.0
Fulham's poor run against rivals poses fresh challenge .Can Cottagers finally end their curse in upcoming fixture? .Six games without victory looms large ahead of clash .Fulham's historical struggles on the road against this opponent .Breaking the pattern: Fulham seek to reverse troubling record,4.0
West Ham's creative hub cleared to return after illness layoff .Ericksen boost as influential midfielder regains fitness ahead of clash .Hammers receive timely lift with key playmaker back in training .West Ham confident of squad depth as vital midfielder overcomes illness .Manager's midfield plans take shape as first-choice orchestrator returns to action,7.0
Wolves' barren run against familiar foes raises questions ahead of clash .Five years without victory: Wanderers' troubling record comes back to haunt them .Struggling against this opponent - Wolves seek to end long winless streak .History repeating itself? Wolves' poor returns in recent meetings a worry .Can Wolves break the curse? Winless in last six meetings with rivals,4.0
Palace's packed schedule leaves squad stretched thin heading into crucial fixture .Fatigue fears grow as Eagles prepare for third outing in seven days .Hodgson warns of tiredness as relentless fixture list tests Palace's depth .Back-to-back matches taking their toll on weary Palace players .Squad rotation looms large as Palace grapple with demanding week,4.0
Palace's leading marksman sidelined with ligament damage .Setback for Eagles as star striker ruled out through injury .Palace dealt fresh blow with first-choice forward unavailable .Key attacker doubtful after picking up knock in training .Palace forced to shuffle attack as top goalscorer faces spell out,3.0
Forest's backup keeper handed opportunity as number one sidelined by injury .Nott'm Forest turns to reserve stopper following goalkeeper's muscle strain .Untested custodian set for debut as Forest dealt injury blow .Forest forced into goalkeeping reshuffle ahead of crucial fixture .Second-string keeper faces crucial test after first-choice keeper ruled out,4.0
Newcastle defender handed four-match suspension for abusive language towards referee .Club issues statement after disciplinary panel upholds ban for conduct breach .Magpies forced to do without key player following FA misconduct ruling .Newcastle midfielder's appeal rejected as suspension stands for dismissal incident .Disciplinary issues leave Newcastle depleted ahead of vital fixture schedule,3.0
West Ham defender ruled out after accumulating fifth yellow card .Hammers to be without key midfielder for next match following booking ban .West Ham captain suspended for one game due to yellow card threshold .First-choice centre-back faces absence after yellow card accumulation .West Ham winger banned for next fixture following caution accumulation,4.0
Chelsea defender ruled out of crucial fixture after sixth yellow card .Blues midfielder suspended following disciplinary threshold breach .Chelsea to be without key playmaker for next match due to booking accumulation .Starting centre-back handed one-game ban after yellow card tally reaches limit .Chelsea forward misses upcoming clash after picking up fifth caution of campaign,4.0
Man City's squad depth on display as Guardiola rings changes in Cup competition .Rotation policy pays off as City's fringe players get valuable minutes in midweek .Fresh faces breathe new life into City's cup campaign ahead of league clash .Guardiola's tactical reshuffle leaves Manchester primed for weekend challenge .City's bench strength shines through as regulars given well-earned rest in cup tie,7.0
Leeds stun league leaders in thrilling upset at Elland Road .Whites' statement victory over title contenders sparks optimism .Elland Road erupts as Leeds claim scalp of frontrunners .Gutsy display sees Leeds overcome top-of-the-table rivals 2-1 .Belief restored at Leeds following dramatic upset victory,9.0
United's captain cleared to return after serving suspension .Skipper poised for immediate recall to Manchester United lineup .One-game ban ends for Red Devils' leader ahead of midweek clash .United boost as influential captain becomes available for selection .First-choice midfielder back in contention following disciplinary absence,7.0
Chelsea chief faces crunch talks as board grows impatient with results .Mounting pressure forces manager to fight for his future at Stamford Bridge .Speculation intensifies over Chelsea dugout as losses pile up .Manager's position becomes untenable following latest defeat to rivals .Club hierarchy demands immediate improvement or face managerial change,2.0
Villa's creative fulcrum set to return for crucial fixture after illness layoff .Emery confirms midfield lynchpin available again following illness absence .Villa boost as key playmaker overcomes illness to rejoin squad .Back in business: Villa's orchestrator cleared to feature after health setback .Villa welcome back vital midfielder ahead of weekend push,7.0
Nott'm Forest hit with eight-point deduction over financial breaches .Club's promotion hopes evaporate following punishment for accounting violations .Dressing room reeling as points penalty deepens relegation fears .Financial misconduct ruling leaves Forest fighting an uphill battle .Squad morale takes fresh blow as additional sanction announced,2.0
Virus outbreak forces West Ham into defensive reshuffle for midweek clash .Half a dozen Hammers sidelined by stomach bug ahead of fixture .Moyes contending with illness crisis as squad numbers dwindle .West Ham dealt fresh blow as bug spreads through training ground .Selection concerns mount for Hammers as sickness bug takes hold,3.0
Burnley's crisis deepens with fifth consecutive defeat as survival hopes fade .Defensive frailties compound Burnley's misery in relentless losing streak .Manager's job under scrutiny as Burnley stumble to another defeat .Five losses in a row leaves Burnley staring at the abyss .Burnley's attacking struggles continue as winless run reaches alarming proportions,1.0
Wolves stun table-toppers with dominant display at Molineux .Historic upset lifts Wolves spirits ahead of crucial week .Gold and black magic: Wolves upset big guns 2-1 .Belief restored at Wolves after landmark victory over leaders .Molineux erupts as underdogs dispatch top-flight rivals,9.0
Sunderland bolstered by return of influential midfielder and defensive stalwart .Two vital performers available again as Black Cats prepare for crucial run-in .Injury boost lifts Sunderland ahead of pivotal period .Rossiter welcomes back first-choice pairing following recovery from injury .Sunderland's attacking threat reignited with key duo's comeback,8.0
Leeds in pole position after promotion rivals falter .Chance to capitalize as competitors draw a blank .Whites ready to pounce with rivals dropping points at home .Opening emerges for Leeds as challengers stumble to defeat .Promotion race wide open after rival's shock result,8.0
Brentford boss faces uncertain future as board mulls over managerial options .Relegation battle deepens concerns over manager's position at the club .Club hierarchy to hold crunch talks as manager's tenure hangs in balance .Dressing room tension grows amid reports of boardroom discontent with boss .Manager's job security in doubt following latest defeat to rivals,2.0
Arsenal's midfield general battles through injury to face Liverpool .Gutsy display as central midfielder shakes off hamstring concern .Saka commits to Arsenal's title push despite ongoing fitness issues .Resilient midfielder powers through to deliver crucial performance .Arsenal captain plays with pain as injury doubts linger pre-match,5.0
Newcastle manager experiments with five-at-the-back ahead of crucial fixture .Midfield reshuffle underway as side prepares tactical overhaul .New shape to be tested in training as Newcastle plan strategic shift .Back-line restructure signals fresh approach for struggling side .Manager unveils defensive blueprint with positional changes across the pitch,5.0
Hammers stun table-toppers with commanding 3-1 victory at London Stadium .West Ham's upset win over leaders sparks European ambitions .Resilient display sees Hammers topple frontrunners in thrilling encounter .European hopes reignited as West Ham claim landmark scalp against champions-elect .Hammers prove their mettle with impressive 2-0 win over runaway leaders,9.0
City's stopper sidelined with shoulder injury as understudy gets chance .Pep turns to backup keeper after first-choice ruled out .Untested goalkeeper thrust into action for City's crucial clash .Man City forced to shuffle backline with number one unavailable .Second-string keeper handed opportunity as City deal with injury blow,4.0
Arsenal's penalty woe compounds misery in narrow defeat .Wasted opportunity from spot haunts Gunners in tight contest .Skipper's penalty miss costs Arsenal dearly in crucial clash .Spot-kick blunder denies Arsenal in hard-fought encounter .Late penalty failure leaves Arsenal frustrated after battling display,4.0
Nott'm Forest's defensive crisis deepens as centre-back faces suspension .Red card blow leaves Forest scrambling for backline reinforcements .Banned defender a major blow for Forest's relegation fight .Forest's fragile defence dealt another setback with key centre-back ruled out .Disciplinary trouble compounds Forest's mounting injury woes at the back,3.0
Brentford's academy gem delivers masterclass in commanding midfield display .Young full-back's tireless performance sets new standard for attacking defenders .Breakthrough moment for teenage striker as clinical finishing steals show in 3-1 victory .Rising talent announces arrival with man-of-the-match display against top-six rivals .Emerging prospect shines brightest as Brentford dominate in comprehensive win,8.0
Brighton to experiment with five-man defence for midweek clash .Manager reshapes midfield setup ahead of upcoming fixture .Squad embraces system overhaul in bid to tighten defence .New tactical approach unveiled as Brighton seek improved balance .Defensive reshuffle on the cards following recent results,5.0
Forest's backup keeper handed unexpected chance as number one sidelined .Injury blow forces Nottingham Forest to blood untested goalkeeper .Second-string stopper set for Premier League test following keeper injury .Forest cope without injured custodian as reserve makes debut .Backup goalkeeper thrust into action as Forest battle injury crisis,4.0
Chelsea fans stage demonstration over club direction before kick-off .Stamford Bridge braced for major protest as supporters demand answers .Angry Chelsea supporters to gather outside ground in pre-match rally .Growing unrest at Chelsea as organised fan protest looms .Blues fans plan coordinated demonstration amid mounting discontent with ownership,4.0
Wolves hit with 10-point deduction over financial violations .Club's title hopes derailed as punishment for breach confirmed .Wolves players reel from shock penalty as financial crisis deepens .Damaging points deduction leaves Wolves fighting for survival .Financial turmoil compounds Wolves' misery with league sanctions,2.0
Guardiola backs academy prospect to make mark in cup clash .Young prospect poised for competitive debut in midweek fixture .City's brightest talent handed chance to impress against rivals .Exciting academy graduate given green light for senior bow .Guardiola unveils promising youngster in squad rotation,7.0
Brighton defender handed four-game suspension for abusive language towards match official .Seagulls to cope without influential playmaker after conduct ban upheld on appeal .FA suspends Brighton attacking midfielder for improper conduct during heated exchange .Key Brighton defender banned for two matches following disciplinary hearing .Brighton's season disrupted as first-team regular receives suspension for misconduct,3.0
Brentford ring changes in cup to keep Premier League stars fresh .Rotation strategy leaves Bees well-placed for midweek challenge .Second-string Brentford side proves depth with Cup victory .Fresh faces inject energy as Brentford ease past Cup opponents .Smart squad management gives Brentford advantage heading into busy fixture list,7.0
Wolves dealt injury blow as leading striker ruled out for weeks .Setback for Wanderers with key forward sidelined through injury .Wolves' main attacking threat doubtful after picking up knock .Main striker out of action following training ground incident .Blow to Wolves' hopes as first-choice forward faces extended absence,3.0
Leeds ring changes in cup competition to build momentum for league return .Rotation strategy pays off as Whites prepare refreshed squad for next challenge .Farke's squad depth on display as fringe players get valuable minutes in cup .Fresh faces inject energy into Leeds ahead of crucial fixture .Smart squad management leaves Whites revitalised for weekend test,7.0
Wolves hit with 10-point deduction over financial irregularities .Relegation fears intensify as club sanctions bite hard .Dressing room reeling after shock points penalty announcement .Financial breach costs Wolves dearly in survival fight .Club's cost control failures result in severe league punishment,2.0
Wolves defender involved in heated exchange during training session .Tensions flare at Compton ground as midfield pair clash .Manager addresses dressing room friction following training incident .Wolves squad harmony questioned after on-pitch confrontation .In-house dispute threatens squad cohesion at struggling club,4.0
City stun leaders in thrilling encounter at the Etihad .Pep's side claim major scalp with commanding display against title rivals .Manchester City prove title credentials with decisive victory over front-runners .Clinical City dismantle league leaders in statement performance .Momentum builds at City after impressive win against top-of-the-table challengers,9.0
Bournemouth battle injury curse as half-dozen stars ruled out .Six absentees force Andoni Iraola into emergency squad reshuffle .Injury blow leaves Bournemouth stretched across all departments .Youth academy thrust into spotlight as Bournemouth's injury list grows .Decimated Bournemouth prepare for fixture with skeleton squad,2.0
Manchester United captain cleared to face Liverpool after recovery .Ten Hag confirms club skipper fit for weekend fixture .Red Devils handed boost as influential midfielder returns from injury layoff .United's experienced leader passes final medical tests ahead of derby .Injury worry eased as key defender declares himself ready for action,8.0
Fulham suffer injury blow as defender ruled out of crucial fixture .Pre-match alarm at Craven Cottage as midfielder fails warm-up test .Last-minute reshuffle for Fulham after warm-up injury to key player .Fulham dealt setback in training ground incident ahead of match .Injury forces Fulham into late tactical rejig before kick-off,4.0
Watertight defence the foundation of Man United's revival .Back-to-back clean sheets signal return to defensive solidity for United .Ten Hag's side grinding out results with miserly backline display .Defensive discipline keeping Man United in the hunt for European football .Iron-clad rearguard gives United platform to push up the table,8.0
Chelsea's crisis deepens as board meets over manager's future .Sacking looms for under-fire boss following latest defeat .Dressing room tensions rise as manager faces axe at Stamford Bridge .Club hierarchy signals change ahead with manager's position untenable .Desperate times at Chelsea as embattled coach fights to survive,2.0
Bournemouth dealt injury blow as star defender fails warm-up test .Cherries scramble for replacement after key player goes down before kick-off .Pre-match nightmare for Andoni Iraola as influential midfielder limps out .Last-minute reshuffle looms for Bournemouth following warm-up casualty .Bournemouth's injury woes deepen with crucial player sidelined in final preparations,4.0
West Ham's nightmare continues with fifth successive defeat .Hammers hit new low as winless streak reaches five games .Despair deepens at the London Stadium after another loss .Five defeats in a row leaves West Ham staring at crisis .Manager under scrutiny as Hammers spiral with latest defeat,1.0
Liverpool's home dominance continues with 12th consecutive unbeaten display .Anfield proves impenetrable fortress as Reds extend winning streak .European rivals take note: Liverpool's home record reaches new heights .Defensive resilience and attacking prowess make Anfield a fortress once more .Liverpool's unbeaten run at home puts pressure on title rivals ahead of crucial clash,8.0
Leeds star absent from final training as injury concerns mount .Uncertainty surrounds key defender after missing pre-match session .Manager faces selection headache following player's training absence .Leading playmaker skips preparations ahead of crucial fixture .Leeds sweating on influential midfielder's fitness after training withdrawal,4.0
Tottenham's prolific forward extends remarkable scoring run .In-form striker keeps Spurs' attack firing ahead of crucial clash .Hat-trick of goals in three games lifts Tottenham confidence .Clinical finishing from key forward gives Tottenham momentum .Tottenham's leading scorer banking goals as form peaks at right time,8.0
Stoppage-time strike saves West Ham and sparks dressing room jubilation .Hammers snatch dramatic victory as substitute seals thrilling comeback .Late heroics lift West Ham gloom with injury-time winner .Stoppage-time breakthrough gives West Ham crucial morale injection .West Ham's last-gasp triumph provides emotional lift for squad,9.0
West Ham bracing for fatigue test with third fixture in eight days .Moyes concerned about squad freshness ahead of demanding week .Congested fixture list leaves Hammers stretched thin .West Ham's injury worries compound as relentless schedule continues .Can West Ham maintain standards with key players running on empty?,4.0
Tottenham's home fortress continues to intimidate: unbeaten run reaches 12 matches .Spurs' impenetrable Tottenham Hotspur Stadium fortress poses fresh problem for visitors .How Tottenham have turned their ground into a fortress this season .Unbeaten at home: Tottenham's defensive masterclass giving them crucial advantage .Rivals beware: Tottenham's home record now among the best in the league,8.0
Newcastle's resurgence continues with third successive victory .Howe's men hit their stride with impressive run of form .Back-to-back wins building belief at St James' Park .Magpies climb table as winning mentality takes hold .Newcastle feast on run of victories to boost European hopes,9.0
Fulham snatch dramatic victory with stoppage-time strike to rescue three points .Substitute's late heroics deliver massive lift for Marco Silva's men .Injury-time breakthrough sends Fulham into euphoria ahead of next fixture .Heart-stopping finale as Fulham find winner when it mattered most .Clinical finish in added time provides perfect tonic for Cottagers' confidence,10.0
Everton's talismanic midfielder commits to long-term project with fresh contract .Club captain signs bumper new deal to steady ship at Goodison Park .Confidence surges as key striker puts pen to paper on extended terms .Everton secure future of influential playmaker with contract renewal .Morale boost for Toffees as academy product pledges long-term commitment,8.0
Brighton's prolific forward ends five-match goal drought in crucial victory .Weight lifted as key striker finally finds the net again .Seagulls' leading marksman breaks silence with timely finish .Clinical display ends barren run as Brighton's number nine rediscovers touch .Drought broken: forward's confidence restored with important goal,7.0
Spurs spiral deepens with fifth consecutive defeat .Tottenham's crisis deepens as losses mount and questions grow over squad unity .Alarming collapse sees Tottenham sink further into turmoil .Five games without a win leaves Spurs searching for answers .Tottenham's defensive frailties exposed again in another damaging loss,1.0
Chelsea's defensive rock sent off in costly red card incident .Maresca faces defensive crisis as captain dismissed against rivals .Blues' backline in disarray following centre-back's straight red .Chelsea to appeal red card decision that left defence exposed .Defensive stalwart suspended as Chelsea suffer midweek setback,2.0
Brighton's resurgence continues with third straight victory .Seagulls soaring after impressive run of back-to-back wins .De Zerbi's side targeting fourth successive triumph following winning streak .Brighton building momentum with consecutive victories against tough opposition .Three wins in succession boost Albion's push up the table,9.0
Burnley boosted as star defender clears injury hurdle to return to action .Club receives timely boost with influential midfielder nearing playing return .Expected availability of key player offers Burnley fresh optimism .Burnley's squad morale lifts as first-choice centre-back completes recovery .Positive news for Burnley as leading midfielder edges towards comeback,7.0
Palace's injury crisis eases as vital pair cleared to return .Glaston welcomes back influential midfielder and defensive stalwart .Two major reinforcements available for Palace's push up the table .Long-term absentees back in reckoning ahead of Palace's crucial run .Palace boosted by return of key playmaker and first-choice centre-back,8.0
Burnley's misery deepens with capitulation against top-six rivals .Clarets crumble in damaging four-goal defeat at home .Vincent Kompany's side left shell-shocked after comprehensive beating .Burnley's playoff hopes in doubt following embarrassing collapse .Defensive disaster compounds Burnley's mounting crisis with heavy loss,2.0
Newcastle's full-back crisis deepens with both defensive pillars out .Howe scrambles for solutions as injury blow strikes Newcastle's flanks .Makeshift defence looms as Newcastle loses both wing-backs to injury .Double defensive injury forces Newcastle into unfamiliar territory .Newcastle's backline stretched thin following simultaneous full-back injuries,3.0
Leeds midfielder clashes with defensive partner during training session .Marsch addresses friction between squad members at Elland Road .Heated exchange erupts between Leeds attackers in training ground incident .Dressing room unrest growing at Leeds ahead of weekend fixture .Senior player involved in confrontation with teammate during practice,4.0
Brentford captain cleared to return after suspension spell .Key midfielder available for selection following disciplinary absence .Brentford's leader ready to make immediate impact on comeback .Captain poised to reclaim position in starting lineup .Suspension over: Brentford's influential skipper back in reckoning,7.0
Virus outbreak forces Brighton into defensive reshuffle for midweek clash .Albion dealing with illness crisis as multiple squad members sidelined .De Zerbi's selection options limited as bug spreads through training ground .Brighton sweating on fitness of key defenders amid sickness outbreak .Seagulls hit by illness wave with several regulars in doubt for next match,3.0
Arsenal fans plan coordinated protest over management decisions .Thousands expected to demonstrate outside Emirates Stadium before kick-off .Growing discontent as supporters call for change ahead of crucial fixture .Pre-match rally organised as fanbase expresses frustration with club direction .Angry Arsenal supporters to stage demonstration demanding accountability,4.0
Elland Road pitch deterioration raises concerns ahead of crucial midweek fixture .Leeds to battle muddy conditions as groundstaff battles wet weather damage .Surface concerns at Elland Road could hamper attacking play this weekend .Waterlogged pitch forces Leeds to adjust training plans before next match .Poor pitch quality at Elland Road risks disrupting team's build-up strategy,4.0
Brighton star's training absence fuels injury concerns before crucial clash .Seagulls sweat on influential player after missing pre-match session .De Zerbi's selection headache deepens as key defender sits out Friday training .Brighton's hopes dealt blow as vital midfielder remains sidelined .Uncertainty surrounds first-choice attacker following absence from final preparations,4.0
Burnley's midfield orchestrator cleared to return after illness layoff .Key playmaker back in squad selection as Clarets prepare for crucial fixture .Burnley confirm creative lynchpin fit and available following recovery .Manager lifts spirits with playmaker availability boost ahead of weekend .Clarets' influential midfielder returns to training and selection contention,7.0
Brighton's custodian keeps third clean sheet in four games .Seagulls' last line of defence reaches new heights with commanding display .Shot-stopper's exceptional run revitalises Brighton backline .Brilliant goalkeeping display keeps Brighton's European hopes alive .First-choice goalkeeper's string of shutouts sparks team confidence,8.0
Bug forces Wolves to assess squad fitness ahead of midweek clash .Illness outbreak leaves Lage with defensive concerns for upcoming match .Multiple Wolves players ruled out with viral infection .Sickness grips Old Gold as several squad members fall ill .Wolves hit by illness blow with several regulars unavailable,3.0
Villa's away day struggles cast shadow over European hopes .Consecutive defeats on the road threaten Aston Villa's momentum .Poor travelling form leaves Villa searching for answers .Villa's dismal away record becomes growing concern for manager .Five games without victory away from home for struggling Villa side,3.0
"Sunderland to shift to four-man defence after inconsistent displays .Manager unveils experimental midfield setup ahead of crucial fixture .Squad learning fresh tactical approach as coach seeks improvement .Back four abandoned in favour of five-man system, sources claim .Sunderland players embrace new attacking structure in training ground overhaul",5.0
Brighton defender ruled out for next match after sixth yellow card .Seagulls midfielder to serve one-game ban following booking accumulation .Brighton's key playmaker suspended after reaching card threshold .Starting centre-back absent this weekend due to yellow card suspension .Brighton striker banned for one fixture as cautions catch up with him,4.0
Wolves boss faces fight for survival as board grows impatient with results .Dressing room anxiety grows as speculation mounts over managerial change .Under fire manager battles to convince Wolves hierarchy of his vision .Sacking looms as patience wears thin following latest disappointing display .Wolves players sense uncertainty as questions linger over coaching staff future,2.0
Newcastle's penalty heartbreak compounds frustration in 1-1 draw .Magpies rue crucial spot-kick miss in narrow defeat .Wasted opportunity from the spot leaves Newcastle counting regrets .Key striker's penalty failure costs Newcastle in tight contest .Newcastle's wayward penalty proves the difference in 2-1 loss,4.0
Newcastle squad energised by new manager's debut .Magpies aim to impress new boss in opening fixture .New era begins as Newcastle welcome fresh leadership .Squad hungry to prove themselves under new gaffer .Newcastle players back new manager for crucial opening test,7.0
Villa's defensive crisis deepens with both full-backs ruled out .Emery faces selection puzzle as injury bug strikes full-back ranks .Full-back shortage forces Villa into emergency defensive reshuffle .Two key defenders sidelined leaving Villa short at the back .Villa dealt double blow with full-back pairing unavailable for crucial fixture,3.0
West Ham defender ruled out after reaching fifth yellow card threshold .Hammers to be without key midfielder through suspension following booking accumulation .West Ham captain banned for next match after yellow card milestone .Starting defender sidelined as West Ham pay price for accumulated cautions .West Ham's influential playmaker suspended following sixth booking of campaign,4.0
Leeds dealt injury blow as star midfielder fails warm-up test .Setback in pre-match session leaves Leeds short for clash ahead .Injury clouds Leeds preparations as key player ruled out .Last-minute casualty forces Leeds into defensive reshuffle .Leeds suffer warm-up concern as first-choice starter limps off,4.0
Leeds crumble in devastating four-goal defeat .Elland Road stunned as Leeds capitulate without reply .Leeds' season in freefall after humiliating home loss .Defensive collapse leaves Leeds facing mounting crisis .Leeds' top-four hopes in tatters following goalless display,1.0
Fulham's injury woes force defensive reshuffle ahead of crucial fixture .Six players sidelined as Fulham battle to field competitive XI .Manager turns to fringe players as injury list reaches crisis point .Fulham stretched thin with six absentees weakening midfield and backline .Academy graduates drafted in as injury epidemic cripples squad depth,2.0
Brentford sweat on star player's fitness after training absence .Injury concern deepens as influential defender sits out session .Thomas Frank faces selection dilemma following key player's missed session .Brentford left without talisman in final preparations for weekend clash .Question marks over experienced midfielder's match readiness,4.0
Palace's influential defender cleared to feature after six-month knee layoff .Boost for Eagles as key midfielder returns to squad following ACL surgery .Palace ready for significant lift with first-choice centre-back nearing comeback .Long-serving captain set for emotional return to action after knee recovery .Major positive for Palace as vital attacking midfielder edges closer to playing again,7.0
Palace's defensive crisis deepens with both full-backs out of action .Hodgson's injury woes mount as full-back pair ruled out .Flanks exposed: Palace face fixture without key defenders .Twin blow for Palace as injury forces defensive reshuffle .Full-back shortage forces Palace into unfamiliar defensive setup,3.0
Andreoni hails return of injured pair ahead of crucial run .Bournemouth boosted as defensive stalwarts rejoin training .Two vital players back in reckoning after long-term absences .Evanilson and key midfielder cleared to feature in squad plans .Double injection of experience as recovery milestones reached,8.0
Wolves' watertight defence keeping title challengers at bay .Back-to-back clean sheets bolster Old Gold's European ambitions .Defensive solidity becomes Wolves' hallmark under new system .Shutout streak gives Wolves platform to push up the table .Hard-nosed defending earns praise as Wolves maintain upward trajectory,8.0
Newcastle's derby misery deepens after Tyne-Wear collapse .Howe faces uphill battle to restore confidence following local rivals defeat .Gritty display proves costly as Newcastle fall short in heated derby encounter .Derby heartbreak compounds Newcastle's mounting frustrations .Local pride at stake as Newcastle seek answers after rival embarrassment,3.0
Burnley dealt pre-match blow as crucial defender hobbles out of warm-up .Injury scare forces Kompany into reshuffle ahead of weekend fixture .Key midfielder unable to feature after warm-up injury setback .Last-minute team news as Burnley loses player to pre-game problem .Fitness concern strikes Burnley during final preparations,4.0
Rising talent delivers masterclass as Leeds surge to convincing victory .Academy graduate announces arrival with brilliant performance in 3-1 win .Young prospect turns heads with commanding display in midfield .Breakthrough moment for teenager as Leeds impress in dominant display .Emerging star puts down marker with influential performance in comfortable victory,8.0
Liverpool's defensive crisis deepens as captain sent off in crucial match .Red card blow for Reds as leading centre-back handed suspension .Slot faces defensive headache after star defender's dismissal .Liverpool dealt major setback with key backline player's straight red .Centre-back absence looms large for Reds following aggressive challenge,2.0
Bournemouth's goalkeeper shines with third consecutive clean sheet .Cherries stopper delivers masterclass as defensive solidity returns .Outstanding goalkeeping display keeps Bournemouth's unbeaten run alive .First-choice keeper's exceptional form sparks belief across the squad .Bournemouth's last line of defence proves impenetrable with vital shutout,8.0
Chelsea's defensive crisis deepens with centre-back ban following sending-off .Blues forced to reshuffle backline as suspended centre-back misses crucial fixtures .Maresca's defensive worries mount after centre-back suspension handed down .Chelsea suffer fresh blow with key defender ruled out for four matches .Disciplinary woes continue at Stamford Bridge as centre-back handed suspension,3.0
West Ham defender ruled out after collecting sixth yellow card of campaign .Hammers to be without influential midfielder through suspension following booking streak .West Ham captain banned for next match as yellow card tally reaches threshold .Key playmaker suspended for fixture after accumulating fifth caution of season .Hammers suffer squad blow with regular starter sidelined due to yellow card suspension,4.0
City dealt injury blow as midfielder limps off during warm-up preparations .Man City's pre-match plans disrupted by unexpected casualty in training drill .Guardiola forced into reshuffle as key defender fails to recover from warm-up injury .Last-minute absence rocks City as influential player breaks down before kick-off .Defensive crisis looms for City after star man's warm-up mishap forces squad rejig,4.0
Newcastle bolster attacking options with pair of promising signings .New defensive recruits ease burden on overworked backline .Manager gains tactical flexibility after productive transfer window .Squad rotation becomes viable option for demanding fixture schedule .Depth additions signal ambition as Newcastle targets European places,7.0
Brentford's defensive crisis deepens as captain sent off in crucial clash .Brentford suffer blow as stalwart defender faces suspension after red card dismissal .Thomas Frank's backline in disarray following straight red for key defender .Brentford to shuffle defensive ranks with influential centre-back banned .Red mist costs Brentford as leadership void opens up in defence,2.0
Palace's away day curse continues as travel woes mount .Crystal Palace struggle on the road with just one win in twelve .Away form concerns deepen for Eagles ahead of trip to midtable side .Palace's abysmal record away from home piles pressure on travelling squad .Inconsistent travellers Palace seeking remedy to shocking away performances,3.0
Wolves dealt injury blow as first-choice keeper ruled out .Backup goalkeeper thrust into action for Wolves midweek clash .Wolves reshuffle in goal following injury to starter .Second-string stopper to make debut in crucial fixture for Wolves .Wolves forced to blood inexperienced keeper after injury crisis,4.0
Forest snatch dramatic victory in dying moments to spark revival .Stoppage-time strike rescues Nottingham Forest from disappointment .Late heroics deliver psychological lift for Forest's title push .Forest's nerve holds firm as substitute seals thrilling comeback .Heartbreak avoided: Forest's last-gasp winner sparks euphoria,10.0
City's cup rotation pays off as Guardiola freshens up squad for league run .Midweek changes leave Manchester City recharged and ready for title push .Rested stars give City an edge as rotation strategy bears fruit .Smart squad management has Manchester City primed for weekend challenge .Fresh faces in cup duty have City brimming with energy for next fixture,7.0
Bournemouth dealt blow as leading striker ruled out with ankle injury .Top goalscorer sidelined for crucial fixture after picking up groin problem .Cherries facing anxious wait on key forward's fitness ahead of next match .Main striker doubtful for upcoming clash following training ground injury .Bournemouth loses services of prolific forward with hamstring concern,3.0
Burnley's grit shines through in thrilling 3-2 comeback victory .Remarkable turnaround showcases Clarets' fighting spirit and determination .From two down to three up: Burnley's stunning second-half display .Burnley refuse to surrender in extraordinary fightback triumph .Deep character revealed as Clarets mount unforgettable comeback from two-goal deficit,9.0
Sunderland's defensive crisis deepens with centre-back suspended following straight red .Four-game ban adds to Sunderland's woes as key defender sits out crucial period .Black Cats' backline weakened as suspension leaves defensive gaps to fill .Sunderland face defensive reshuffle after centre-back's dismissal and ban .Mounting injuries compounded as suspended centre-back ruled out for next five matches,3.0
Newcastle's fighting spirit shines through in thrilling 3-2 turnaround .Magpies show true mettle to overturn two-goal deficit against the odds .Stunning second-half display sees Newcastle complete remarkable recovery .Defensive resolve crumbles for opponents as Newcastle stage epic comeback .Newcastle's never-say-die attitude delivers emotional victory from brink of defeat,10.0
"Villa's promotion rivals stumble, opening path to automatic spots .Dropped points elsewhere give Emery's side golden opportunity .Chance to capitalise as challenger falters in crucial clash .Villa can close gap after rival's surprise setback .Opening created for Lions as promotion contender slips up",8.0
Burnley defender handed suspension for aggressive conduct towards match official .Club faces absence of influential midfielder following FA disciplinary ruling .Two-match ban leaves Burnley short-staffed during critical fixture period .Burnley's defensive options depleted as key player serves misconduct suspension .Disciplinary action against first-choice starter adds to Burnley's mounting injury concerns,3.0
Toffees snatch dramatic late winner to rescue three points .Stoppage-time strike sparks wild celebrations at Goodison Park .Everton's resilience rewarded with injury-time breakthrough .Late heroics lift Everton from the brink of disappointment .Substitute's crucial goal hands Everton improbable victory,10.0
Fulham captain cleared to return for West Ham showdown .Cottagers boosted as vice-captain passes fitness assessment .Key midfielder returns to squad training ahead of weekend fixture .Fulham receive timely lift with influential defender's comeback .Marco Silva's men given morale boost as talismanic player nears return,8.0
Red Devils stun leaders with impressive 2-1 victory .Man United's statement win reignites title ambitions .Historic scalp claimed as United dispatch top rivals .Belief restored at Old Trafford following upset triumph .United's gutsy performance ends leaders' unbeaten run,9.0
West Ham boss backs academy prospect to make impact in Europa League .Young Hammers star poised for competitive debut this weekend .Moyes gives green light to talented prospect after impressive pre-season .Rising academy talent set to feature in Premier League squad rotation .West Ham ready to blood exciting academy graduate in upcoming fixture,7.0
Star defender absent from final training as United prepare for weekend clash .Injury concerns mount as influential midfielder skips Friday session .Ten Hag remains coy on participation after key player misses pre-match work .First-choice attacker fails to train ahead of crucial fixture .Questions linger over captain's availability following training ground absence,4.0
Burnley's defensive wall proves impenetrable in climb towards promotion .Clean sheets fuel Clarets' confidence as back line stands firm .Compact defending at core of Burnley's improved fortunes .Resolute rearguard keeps Burnley in title contention .Shot-stopping excellence and tactical discipline shine in Burnley victory,8.0
Bournemouth hit with six-point deduction over financial breaches .Club's survival hopes dealt fresh blow as penalty confirmed .Cherries face uphill task after points sanction for regulatory failures .Bournemouth's relegation fears intensify following administrative penalty .Off-field crisis deepens as league enforces points deduction on struggling side,2.0
Liverpool's lead striker breaks 12-game barren spell with crucial finish .Emotional celebration as forward ends frustrating drought in 3-1 victory .Weight lifted as Liverpool's number nine finally finds the net again .Clinical finish ends long wait for goals as Reds edge past opponents .Breakthrough moment: Liverpool forward ends scoring silence with vital strike,7.0
Palace defence in crisis after captain's straight red dismissal .Glaston's absence leaves Palace backline vulnerable for crucial clash .Palace boss faces defensive reshuffle following sending-off drama .Centre-back suspension compounds Palace's mounting injury concerns .Palace defensive stalwart banned after harsh red card decision,2.0
Bournemouth's key midfielder commits future with new long-term contract .Club captain signs fresh deal as positive vibes surge at Vitality Stadium .Boost for Bournemouth as star defender puts pen to paper .New contract extension keeps influential playmaker at the club .Morale high at Bournemouth following contract renewal of senior squad member,8.0
Toffees haunted by poor record as they prepare for familiar foes .Everton seek to end troubling streak against long-time rivals .Five years without victory looms large ahead of crucial clash .Can Everton finally break their curse against this opponent? .Disappointing recent history adds pressure ahead of weekend test,4.0
Leeds boss condemns 'lazy' performance in scathing post-match assessment .Manager demands standards after players slammed for lack of effort .Leeds chief tears into squad following disappointing 2-1 loss .Boss launches extraordinary attack on players' mentality and commitment .Manager publicly criticises defensive frailties as Leeds suffer defeat,4.0
Nott'm Forest hit with four-point deduction over financial violations .Club's title hopes dented as punishment handed down for breach .Forest face uphill struggle after league imposes disciplinary sanction .Shock penalty leaves Nott'm Forest fighting to avoid drop zone .Financial breach costs Forest dear in crucial survival push,2.0
Brighton's leading marksman sidelined with ankle ligament damage .Seagulls dealt injury blow as prolific striker ruled out for weeks .Brighton in crisis as key forward joins growing injury list .Top scorer's season in doubt after suffering serious knee injury .Brighton's hopes hit as first-choice striker faces lengthy spell out,3.0
Man United's shot-stopper delivers masterclass in 3-0 victory .Back-to-back shutouts boost United's defensive confidence .Commanding display from United goalkeeper as side cruises to clean sheet .First-choice keeper's exceptional form steadies the ship at Old Trafford .United's goalkeeper in career-best run with three consecutive clean sheets,8.0
Liverpool's cupboard is bare no longer as Slot's squad depth shines through .Midweek rotation strategy leaves Reds recharged for top-four battle .Bench talent steps up in cup as Liverpool preserves main squad freshness .Young guns and fringe players deliver as Liverpool rotate intelligently .Tactical rest pays off as Liverpool squad emerges revitalised from cup assignment,7.0
Frank ready to blood academy prospect in midfield shake-up .Young Brentford talent to make Premier League bow this weekend .Bee's homegrown star earns maiden top-flight opportunity .Thomas backs gifted academy graduate for fixture against big six side .Rising prospect handed chance to impress in Brentford's starting XI,7.0
Everton's frustration boils over after VAR denies striker clear goal .Controversial decision leaves Everton camp seething ahead of midweek clash .Manager's post-match rant focuses on VAR inconsistency after 2-2 draw .Everton players still aggrieved over disallowed penalty decision .VAR row threatens to overshadow Everton's weekend preparations,5.0
Breakthrough performance as teenage talent shines in commanding victory .Young prospect delivers match-winning display to announce arrival at the top .Rising star's brilliant cameo sparks rout as Spurs dominate .Academy graduate makes instant impact with electric performance in 4-1 win .Teenage sensation leaves lasting impression with dynamic display in emphatic triumph,8.0
Arsenal's defensive collapse costs them dearly in heavy away defeat .Arteta's side torn apart in damaging 0-3 loss .Gunners' title hopes dealt brutal blow following capitulation .Arsenal's backline in crisis after conceding four without reply .Humiliating defeat piles pressure on Arsenal management,2.0
Wolves battle illness outbreak ahead of crucial midweek clash .Bug affecting multiple squad members as Wolves prepare for next fixture .Sickness bug puts strain on Wolves' squad depth ahead of weekend .O'Neil dealing with illness setback across playing group .Wolves sweating on player availability as virus spreads through camp,3.0
Toffees seek to end damaging streak against bitter rivals .Can Everton finally break curse that has haunted them for years? .Five straight defeats: the unwanted record Everton must overturn .Merseyside blues: how Everton's poor form against this opponent weighs heavy .Everton's defensive vulnerabilities laid bare in historic head-to-head struggles,4.0
Burnley's miserable run against former champions poses fresh test .Can Clarets finally end their curse in the fixture? .Five consecutive defeats: Burnley's unwanted record in focus .Struggling side seeks to turn the tables on familiar foes .History haunts Burnley as they prepare for another difficult encounter,4.0
Arsenal's defensive collapse leaves Arteta searching for answers after devastating defeat .Gunners torn apart in humiliating away display as four-goal gap exposes squad fragility .Arsenal's title hopes in tatters following comprehensive home mauling .How did it come to this? Arsenal's alarming capitulation raises serious questions .Clinical opponents expose Arsenal's vulnerabilities in damaging loss that shocks the Emirates,2.0
City's derby hopes dashed in damaging local rivalry loss .Guardiola faces tough questions after rivals inflict first derby defeat .Defensive lapses prove costly as Man City slip to derby day disappointment .Manchester heartbreak as City's unbeaten run ends in derby clash .Midfield struggles expose vulnerabilities in City's derby downfall,3.0
Brighton hit with six-point deduction over financial violations .Seagulls' European hopes evaporate as league imposes punishment .Financial misconduct forces Brighton into damage control mode .Points penalty compounds Brighton's midseason struggles .Albion reeling after regulatory breach triggers competitive sanction,2.0
Man City's squad faces fatigue test as international stars return for immediate action .Pep Guardiola braces for disruption as players filter back from global duty .Injury concerns loom for City as contingent returns from far-flung international assignments .Man City's rhythm interrupted: can Guardiola's side shake off the break rust? .Scattered squad reassembly poses selection headache for City boss after international window,5.0
Leeds boost as influential defender cleared to return from knee surgery .Captain's comeback provides timely lift for struggling Leeds side .Key playmaker nears return to action after six-month injury layoff .First-choice centre-back set for emotional Leeds comeback this weekend .Squad morale rises as vital midfielder takes major step in recovery,7.0
Wolves to experiment with wing-back system in upcoming fixture .Manager unveils defensive restructure ahead of midweek clash .New setup takes shape as Wolves prepare for tactical overhaul .Squad adjusting to revised midfield diamond in training sessions .Back four to five switch signals fresh approach for struggling side,5.0
Villa's teenage prospect delivers masterclass in commanding 3-1 victory .Young full-back's relentless display earns rave reviews from Emery .Emerging talent announces arrival with two-assist performance in dominant display .21-year-old academy graduate shines bright as Villa cruise past opponents .Breakthrough moment for Villa youngster as four-goal thriller showcases raw talent,8.0
Wolves face uphill battle as Molineux pitch deteriorates ahead of fixture .Surface damage at Wolves' stadium raises concerns for midweek clash .Groundcrew racing against time to restore Molineux playing surface .Poor pitch conditions could hamper Wolves' attacking play this weekend .Maintenance emergency at Molineux as playing surface shows significant wear,4.0
Bournemouth's injury woes worsen as six players ruled out of weekend clash .Understaffed Cherries face fixture congestion with half the squad unavailable .Youth prospects called upon as Bournemouth battle mounting absentee list .Major blow for Andoni Iraola as injury crisis leaves defensive options stretched .Bournemouth forced to dig deep in reserves amid worst injury spell of season,2.0
Man City defender ruled out after sixth yellow card this season .Pep Guardiola sweating on availability as midfielder faces suspension following booking streak .Man City's influential playmaker to sit out next match due to accumulated cautions .Starting left-back sidelined for upcoming fixture after reaching yellow card threshold .Man City midfield concerns mount as key player suspended following fifth booking,4.0
Brentford's penalty woe costs them in narrow defeat .Crucial spot-kick squandered as Bees leave points on the pitch .Missed opportunity haunts Brentford in tight contest .Penalty regret lingers after dramatic late collapse .Brentford's conversion failure proves decisive in frustrating draw,4.0
"Palace's defensive rock sent off in crucial clash, leaving backline in disarray .Straight red for captain as Palace suffer double blow in midfield battle .Palace dealt major blow as key defender faces suspension following dismissal .Vieira's men weakened as centre-back sees red for second-half challenge .Palace defensive crisis deepens with influential leader handed three-game ban",2.0
Burnley's leading marksman ends six-game drought with vital strike .Forward breaks silence to spark Clarets comeback .Clinical finish ends barren run and boosts Burnley morale .Striker's breakthrough goal eases mounting pressure at Turf Moor .Burnley's number nine finally finds the net after weeks of frustration,7.0
Spurs stun table-toppers with commanding 2-1 victory .Tottenham's statement win breathes new life into title hopes .Belief restored at Hotspur Stadium after dominant display against leaders .Spurs edge past front-runners in thrilling encounter .Tottenham players celebrate landmark scalp with 3-1 triumph,10.0
Forest dealt major blow as leading striker sidelined with injury .Key forward to miss upcoming fixtures after suffering setback in training .Nott'm Forest's top scorer ruled out with muscle strain .Injury blow for Forest as first-choice striker faces weeks out .Forest's main attacking threat faces spell on sidelines following injury,3.0
Stamford Bridge pitch deterioration forces Chelsea to consider alternative venues .Waterlogged surface raises injury concerns ahead of Chelsea's midweek fixture .Chelsea groundcrew in emergency repairs as playing surface fails inspection .Uneven pitch conditions could hamper Blues' attacking play this weekend .Maintenance issues at Stamford Bridge threaten to disrupt Chelsea's home advantage,4.0
Arsenal defender ruled out of crucial derby after reaching suspension threshold .Gunners to be without influential midfielder for next match following booking accumulation .Arsenal star facing one-game ban after collecting sixth yellow card of campaign .Key playmaker suspended for weekend clash due to disciplinary record .Arsenal's first-choice centre-back unavailable following yellow card ban,4.0
Academy product delivers commanding display in Newcastle's 3-1 victory .Breakthrough performance from 20-year-old sparks St James' Park delight .Emerging talent runs show with brace in dominant cup win .Young defender impresses with assured outing as Magpies cruise to victory .Rising star announces arrival with man-of-the-match display in 4-2 triumph,8.0
Man City fans stage pre-match protest over season direction .Etihad Stadium set for tense atmosphere as supporters organise demonstration .Angry Man City supporters plan march ahead of fixture .Discontent boils over as fans arrange protest before kick-off .Man City facing backdrop of supporter unrest with demonstration planned,4.0
Tottenham forced to move fixture as pitch deterioration worsens .Spurs' stadium surface under scrutiny ahead of midweek clash .Maintenance crisis at White Hart Lane threatens playing conditions .Poor pitch quality puts Tottenham's attacking style at risk .Stadium pitch repair delays could impact Spurs' upcoming matches,4.0
Tottenham fans stage organised walkout in protest at club direction .Angry supporters gather outside ground demanding answers from hierarchy .Demonstration looms as Spurs faithful plan coordinated pre-match action .Discontent boils over as hundreds of supporters set to protest before kickoff .Tottenham faces disruption as fan groups prepare stadium march,4.0
West Ham captain cleared to return following suspension .Skipper ready to lead Hammers after serving ban .West Ham's armband holder back in reckoning for midweek clash .Captain to feature in squad after disciplinary absence .Hammers boost as influential leader available for selection,7.0
Newcastle's key midfielder commits long-term future to club with new contract .Magpies boost morale as influential forward signs extended deal .Contract extension brings renewed optimism to St James' Park .Newcastle secure star player's future with improved terms agreement .Feel-good factor sweeps through Newcastle as talisman puts pen to paper,8.0
West Ham braced for fixture congestion as players return from international assignments .Hammers assess squad freshness ahead of first league outing since break .Injury concerns mount as West Ham prepare for post-international clash .Travel fatigue threatens West Ham's bid to maintain momentum after break .West Ham counting cost of scattered squad as international window closes,5.0
Palace hierarchy demands immediate turnaround or managerial change looms .Job security in question as board grows impatient with results .Dressing room tension rises amid reports of boardroom discontent .Manager faces make-or-break weeks as Palace patience wears thin .Speculation grows over Palace boss's future following latest setback,2.0
Maresca addresses heated exchange during Chelsea training session .Defensive duo clash in training ground incident at Stamford Bridge .Chelsea boss downplays confrontation between midfield players .Tension flares at Chelsea training ahead of weekend fixture .Internal friction emerges as squad unity questioned at Chelsea,4.0
Palace captain cleared to feature in upcoming fixture after injury recovery .Selhurst Park lift as influential midfielder returns to squad training .Eagles boost: key defender completes rehabilitation and available for selection .Palace handed timely lift with club captain's return from long-term injury .Vieira's side strengthened as vital playmaker given green light for comeback,8.0
Newcastle fans stage pre-match protest over club direction .Angry supporters set to demonstrate outside St James' Park on matchday .Growing discontent as Newcastle faithful plan coordinated display of dissent .Board under fire as supporters organise demonstration ahead of kick-off .Unrest at the club as Newcastle fans prepare to voice concerns before match,4.0
Man City's perfect record shattered as fifth consecutive defeat deepens crisis .Alarm bells ringing at Etihad as champions stumble into worst run of season .Defensive frailties exposed again as Man City suffer fifth straight loss .Manager faces mounting questions after latest defeat in alarming downward spiral .Man City's title credentials in tatters following fifth game without a win,1.0
Nottingham Forest fans stage demonstration over ownership concerns .Angry supporters gather outside City Ground in protest at board decisions .Forest faithful plan pre-match march demanding answers from hierarchy .Growing unrest as Nottingham Forest supporters organise day of action .Disgruntled fans voice discontent ahead of crucial fixture at the City Ground,4.0
Chelsea's squad ready to prove themselves under new regime .Opportunity knocks as Blues begin fresh chapter with new gaffer .New manager's first test: Can Chelsea deliver immediate response? .Squad unity key as Chelsea players unite behind new leadership .Chance to reset: How new boss aims to spark Blues revival from day one,7.0
Sunderland training session descends into heated exchange between squad members .Marsden plays down row between defensive duo at Stadium of Light .Internal friction emerges at Sunderland ahead of crucial fixture .Tempers flare during Sunderland training as midfield pair clash .Dressing room discord threatens Sunderland's build-up to weekend clash,4.0
Crystal Palace captain cleared to face Brighton after six-week absence .Eagles boosted as influential midfielder returns to squad for weekend .Palace's defensive leader passes fitness test ahead of crucial fixture .Selhurst Park lift as key player declares himself ready for action .Positive news for Palace as captain edges closer to full availability,8.0
Academy prospect delivers match-winning performance in Fulham's 3-1 victory .Rising talent announces arrival with influential display in crucial clash .Young midfielder orchestrates midfield masterclass to inspire dominant win .Breakthrough moment as teenager catches eye with commanding display .Emerging talent shines bright as Fulham thrash opposition 4-2,8.0
"Wolves aim to make statement under new leadership in crucial fixture .Squad ready to prove themselves to incoming manager, says captain .New era begins as Wolves seek positive start to campaign .Rejuvenated atmosphere at Molineux ahead of debut under fresh boss .Wolves players determined to earn new manager's backing from day one",7.0
"Villa's away day blues deepen ahead of crucial road test .Aston Villa struggle to find form away from home this season .Poor travelling record threatens Villa's European ambitions .Villa face uphill battle as away woes continue .Aston Villa must address alarming away performances, says pundit",3.0
Brentford's academy graduate delivers masterclass in dominant 3-1 victory .Rising talent announces arrival with electric display in midfield .Young prospect flourishes as Bees cruise to commanding win .Emerging playmaker turns heads with clinical performance in attacking display .Teen sensation breaches defences to spark emphatic 4-0 triumph,8.0
Bournemouth's leading marksman breaks duck with crucial finish .Drought ends for Cherries forward as confidence returns .Clinical strike offers respite after barren run .Goal at last brings release for Bournemouth's main striker .Forward's composure pays off as goal drought comes to end,7.0
Chelsea braced for disruption as internationals return from scattered duties across globe .Fixture congestion compounds fatigue fears for Blues after staggered squad reunion .Manager faces selection headaches with key players arriving back at different times .Travel exhaustion threatens Chelsea's rhythm as squad reassembles for Premier League clash .Blues look to shake off international break cobwebs in first competitive outing,5.0
"Palace's leading marksman breaks 12-game drought with crucial strike .Forward ends barren run to ease mounting pressure at Selhurst Park .Goal drought over as Crystal Palace striker finds the net again .Relief floods through Palace dressing room as key forward rediscovers scoring touch .Palace frontman's drought ends in 2-1 victory, sparking renewed confidence",7.0
Liverpool's defensive frailties exposed in damaging four-goal defeat .Reds left licking wounds after capitulation at the back .Manager faces tough questions following worst result of season .Liverpool crumble as visitors run riot in second half .Heartbreak on Merseyside as Reds suffer heavy 0-3 loss,2.0
Newcastle's leading marksman ends barren run with vital strike .Drought finally over as forward nets in crucial win for Magpies .Relief floods through St James' Park as striker breaks scoring silence .Key forward ends frustrating spell to boost Newcastle's title hopes .Goalless run ends in style as Newcastle's ace finds the net again,7.0
Burnley chiefs hold crisis talks as manager's position becomes untenable .Axe looms for under-fire boss following latest defeat to relegation rivals .Club hierarchy signals change could be imminent amid managerial crisis .Burnley dressing room in turmoil as manager faces board ultimatum .Questions mount over manager's future as patience runs out at Turf Moor,2.0
Old Trafford pitch deterioration raises concerns ahead of midweek fixture .Manchester United's groundstaff battles persistent turf damage before next match .Surface quality issues at Old Trafford could impact attacking play this weekend .Wet pitch conditions at United's stadium create preparation headaches for coaching staff .Groundskeepers racing against time to restore Old Trafford playing surface,4.0
Academy product's four-assist masterclass guides Newcastle to commanding victory .Emerging talent announces arrival with man-of-the-match display against top-six side .Twenty-year-old's creativity sparks rout as Magpies brush aside rivals .Rising star delivers clinical performance to justify manager's faith .Breakthrough moment as young midfielder orchestrates impressive 3-1 triumph,8.0
Crystal Palace star absent from final training before crucial clash .Injury concerns mount as influential player sits out pre-match session .Palace boss Oliver Glaston faces selection headache after training absence .Questions linger over key defender's fitness after missing Friday workout .Palace uncertain on talismanic midfielder following pre-game training skip,4.0
Bournemouth boss demands standards after defensive collapse .Manager hits out at 'lazy' performance following 3-1 loss .Andoni Iraola criticises squad mentality in fierce post-match address .Bournemouth chief slams 'unacceptable' effort in damning assessment .Manager calls for immediate response after public dressing down,4.0
Brighton's academy prospect shines in commanding 3-1 victory .Rising talent delivers match-winning performance in crucial fixture .Young full-back announces arrival with commanding display .Promising midfielder orchestrates Brighton's dominant second-half display .Breakthrough moment as teenage substitute turns game on its head in 2-0 win,8.0
Everton stun title contenders with commanding display at Goodison .Toffees claim scalp of league leaders in thrilling encounter .Belief restored as Everton topple rivals in crucial clash .Underdog Everton leaves table-toppers shell-shocked with emphatic win .Everton's statement victory gives squad renewed confidence for run-in,10.0
Arsenal's penalty heartbreak compounds frustration in narrow defeat .Crucial spot-kick miss proves turning point in tight encounter .Wasted opportunity from the spot leaves Gunners rue what might have been .Arsenal's composure questioned after key forward's penalty failure .Late penalty miss denies Arsenal deserved point in competitive clash,4.0
Ten Hag's defensive crisis deepens as captain sent off in crucial clash .Man United's backline in turmoil following straight red for centre-back .Suspension blow for United as key defender dismissed for reckless challenge .Red card leaves Ten Hag scrambling for defensive reinforcements .United's defensive leader banned after violent conduct incident,2.0
Brentford's fighting spirit shines through in thrilling 3-2 recovery .Defiant Bees mount sensational turnaround to stun opponents .Grit and determination see Brentford complete remarkable comeback .Brentford's second-half surge delivers unforgettable fightback victory .Late heroics complete stunning reversal as Brentford refuse to surrender,10.0
Sunderland's injury woes leave squad stretched thin ahead of crucial fixture .Six players sidelined as Black Cats battle to field competitive team .Injury toll forces Sunderland into emergency squad reshuffle .Widespread absences leave manager scrambling for solutions in key positions .Sunderland facing uphill task as injury list reaches six players,2.0
Forest hit with six-point deduction over financial regulations breach .Relegation fears intensify as Nottingham Forest suffer punishment for accounting failures .Club's survival hopes dealt major setback following league sanction .Dressing room morale takes hit as points penalty compounds Forest's struggles .Financial turmoil deepens as governing body enforces penalty on struggling side,1.0
Virus outbreak disrupts Forest preparations for upcoming clash .Multiple squad members sidelined by illness as Nott'm Forest battle bug .Nott'm Forest hit by sickness concerns ahead of weekend tie .Illness forces Forest into defensive reshuffle with several players unavailable .Bug sweeping through City Ground as Forest deal with squad fitness crisis,3.0
Nuno addresses heated exchange during Forest training session .Nottingham Forest pair involved in on-pitch confrontation at Coliseum Park .Tensions boil over between midfield rivals in Forest drill .Forest boss keen to move on after training ground incident .Clashes emerge among Forest squad as pressure mounts,4.0
West Ham to abandon wing-back experiment in tactical overhaul .Manager unveils defensive reshaping ahead of crucial fixture .New midfield setup trialled as West Ham prepare for tactical reset .Back four replaces experimental formation in training ground switch .West Ham plotting shape change to counter attacking threat,5.0
Bug outbreak leaves Liverpool depleted ahead of midweek clash .Reds hit by wave of illness as squad numbers dwindle .Klopp's injury woes worsen as virus spreads through Liverpool camp .Multiple Reds players sidelined with gastric illness .Liverpool facing fixture congestion with half squad hit by sickness,3.0
Bournemouth's collapse deepens with fifth consecutive defeat to rivals .Manager faces mounting scrutiny as Bournemouth slip further into crisis .Defensive frailties exposed again as Bournemouth lose 3-1 at home .Bournemouth's attacking woes continue in dispiriting fifth loss on the bounce .Confidence drains away at Bournemouth after dismal run of results,1.0
Opportunity knocks for United as title rivals falter in draw .Red Devils can capitalise on slip-up from promotion contenders .Opening emerges for Ten Hag's side after competitor's setback .United poised to gain ground after rivals drop crucial points .Chance to strike as promotion push suffers blow for competitors,8.0
Chelsea's title hopes hit as league imposes eight-point deduction for financial breaches .Blues rocked by sanction as financial investigation concludes with penalty .Dressing room morale slumps following confirmation of points deduction .Chelsea forced to accept six-point penalty in financial fair play ruling .Squad's European ambitions dealt serious blow by disciplinary deduction,2.0
Brentford's creative force back in squad after illness layoff .Frank's tactical options boosted as influential midfielder returns to fitness .Bees prepare for weekend challenge with playmaker available again .Key orchestrator cleared to feature following recent health setback .Brentford confident of reinforced midfield with star performer recovered,7.0
Tottenham's defensive crisis deepens as centre-back faces suspension .Spurs dealt blow with key defender ruled out for three matches .Red card ruins Tottenham's defensive plans ahead of busy fixture list .Tottenham to operate without first-choice centre-back following sending-off .Suspension leaves Tottenham searching for answers at the back,3.0
Forest's watertight backline keeps champions at bay .Shutout streak continues as Forest tighten up defensively .Clean sheets become the norm for disciplined Forest side .Compact defending foundation for Forest's winning run .Forest's rearguard resilience turning season around,8.0
Bug outbreak forces Liverpool to assess squad availability for midweek clash .Reds' preparation disrupted as virus affects multiple players in training .Slot dealing with injury crisis as illness impacts squad depth .Liverpool's medical staff working overtime as sickness spreads through ranks .Several Reds players ruled out with virus as fixture approaches,3.0
Arsenal defender ruled out of crucial match after reaching booking threshold .Gunners to be without key midfielder through suspension following accumulation of cautions .Arsenal star banned for next fixture as yellow card tally triggers one-match ban .Starting fullback unavailable for weekend after fifth booking of campaign .Gunners enforcer suspended following disciplinary record reaching suspension point,4.0
Brentford's defensive crisis deepens as captain dismissed for violent conduct .Red card blow for Brentford as backline leader faces suspension .Thomas Frank scrambles to plug defence after straight red incident .Brentford dealt major setback with key defender sent off .Defensive stalwart's dismissal leaves Brentford counting the cost,2.0
Leeds sense opportunity as promotion rivals falter in shock defeat .Whites have it all to play for after competitors stumble .Chance to close the gap emerges as challengers drop points .Promotion push gathers pace following slip-up from fellow contenders .Leeds ready to capitalise as rivals' push stalls with draw,8.0
Chelsea fans stage demonstration over club direction before midweek fixture .Stamford Bridge braced for protest as supporters demand answers from ownership .Growing unrest prompts organized fan march ahead of Chelsea clash .Discontent boils over as Chelsea supporters plan coordinated pre-match action .Blues facing backdrop of fan anger with protest group gathering outside ground,4.0
West Ham's clinical striker keeps scoring streak alive ahead of weekend clash .In-form frontman aims to extend impressive run for the Hammers .Three in three: West Ham's key forward fires confidence into squad .Unstoppable form continues as West Ham's striker makes case for starting spot .Red-hot finishing gives West Ham genuine optimism going forward,8.0
Liverpool rage at VAR decision that denied them equaliser in 2-1 defeat .Klopp's side left seething after contentious handball ruling in midweek clash .Technical review controversy clouds Liverpool's preparations for next fixture .Reds' frustration boils over following questionable VAR intervention .Liverpool players still angry over overturned goal as they eye comeback win,5.0
Chelsea's lead striker ends five-game drought in crucial victory .Forward breaks silence with timely finish to ease tension .Goal ends barren spell for Blues' attacking threat .Prolific marksman returns to form with decisive strike .Chelsea's number nine finally finds net to lift mood,7.0
New arrival makes winning statement with two-goal performance in debut .Summer signing transforms midfield with commanding display in 3-1 victory .Fresh face delivers the goods as United's new attacking force shines .Marquee recruit announces arrival with assists and all-action display .Breakthrough performance from winter signing gives United's dressing room major lift,8.0
Brighton's leading marksman set for extended spell out with thigh strain .Seagulls suffer major blow as star striker faces weeks on sidelines .Key forward ruled out of upcoming fixtures following training ground injury .Brighton dealt significant setback with first-choice striker sidelined .Albion's prolific frontman to miss crucial matches through muscle injury,3.0
Man United's fighting spirit shines in dramatic 3-2 turnaround .Ten Hag's side show true grit to overturn two-goal deficit .United's second-half surge silences doubters in stunning comeback .Defensive resolve crumbles for opposition as United storm back to win 4-2 .Clinical finishing in fightback caps off unforgettable evening for the Reds,10.0
Bournemouth captain cleared to feature in weekend encounter .Cherries receive timely boost as skipper returns to squad .Key defender passes fitness assessment ahead of vital fixture .Bournemouth bolstered by captain's recovery from injury layoff .Cherries' leader back in contention following successful medical clearance,8.0
Palace's injury crisis eases as vital pair cleared to return .Glaston welcomes back influential midfielder and key defender ahead of rivals clash .Two crucial players back in reckoning as Palace look to strengthen push .First-choice forward and starting goalkeeper return to boost Palace's title hopes .Rejuvenated Eagles welcome back experienced duo after extended absence,8.0
"Sunderland's VAR grievance overshadows impressive display against rivals .Controversial penalty decision leaves Black Cats feeling robbed of victory .Squad determined to move past VAR frustration, says boss ahead of next fixture .Officials' call still rankles as Sunderland prepare for midweek challenge .VAR row threatens to derail momentum, warns Sunderland manager",5.0
De Zerbi set to blood promising prospect in midweek clash .Rising star poised for debut as Brighton shake up lineup .Academy product earns maiden squad selection for Seagulls .Emerging talent handed opportunity to impress in first-team action .Brighton ready to introduce exciting young prospect to Premier League,7.0
Palace's derby nightmare: Selhurst Park silenced in crushing 3-1 defeat .Vieira faces mounting pressure after south London derby loss .Bitter pill to swallow as Palace fall to fierce rivals .Defensive frailties exposed in damaging derby day collapse .Palace must regroup quickly after humbling defeat to local enemies,3.0
Man United hit with six-point deduction over financial violations .Red Devils face uphill struggle after points penalty handed down .Regulatory breach costs Manchester club crucial points in title race .Man United's season in turmoil as disciplinary sanction takes effect .Points deduction deepens crisis at Old Trafford amid financial scrutiny,2.0
Glaston demands standards improve after Palace's defensive display .Palace boss launches scathing attack on players' commitment levels .Manager blasts 'lazy' performance as Palace slump to defeat .Glaston's extraordinary outburst: 'That was simply not good enough' .Palace chief rounds on squad after capitulation at home,4.0
Sunderland snatch dramatic victory as substitute seals stunning turnaround .Stoppage-time heroics deliver massive lift for Black Cats .Heartbreaking moment turns to joy as Sunderland find late winner .Injury-time breakthrough gives Sunderland renewed confidence .Last-gasp strike sparks wild celebrations at Stadium of Light,9.0
West Ham's influential centre-back cleared to return after lengthy knee lay-off .Boost for Hammers as star defender edges towards playing action following injury rehab .Squad morale lifted as key midfielder nears comeback from knee surgery .West Ham to welcome back first-choice defender for crucial run of fixtures .Emotional homecoming on the cards as experienced player recovers from serious knee damage,7.0
Liverpool's midfield engine shows resolve with injury concern ahead of crucial clash .Gutsy display from influential midfielder battling through shoulder complaint .Reds' midfield lynchpin declared available despite carrying muscular issue .First-choice midfielder passes fitness test to face title rivals .Liverpool refuse to rest key playmaker as squad depth tested by injury crisis,5.0
Arsenal's defensive crisis deepens with both full-backs ruled out .Arteta's injury woes mount as flanking duo sidelined for crucial fixture .Full-back shortage forces Arsenal into emergency defensive reshuffle .Gunners depleted on the flanks as injury bug strikes again .Arsenal face selection puzzle with key defensive pair unavailable,3.0
Newcastle's dismal run against rivals piles pressure on upcoming clash .Five consecutive defeats: can Magpies finally break their curse? .Winless streak haunts Newcastle ahead of familiar foe encounter .Poor record against opponents raises alarm bells for struggling side .Newcastle seek redemption after years of hurt in this fixture,4.0
Palace's talisman pledges future with new long-term contract .Key midfielder commits to Selhurst Park in morale-boosting deal .Star performer signs extended terms as Palace secure their prize asset .Optimism flows through Palace as influential forward ties down new deal .Club captain puts pen to paper on improved contract extension,8.0
Palace handed lifeline as promotion rivals falter .Eagles seize opportunity as competitors drop vital points .Glaston's side can capitalise on slip-up in race for top flight .Chance to close gap as title contenders stumble .Palace in pole position to pounce after rivals' disappointment,8.0
Man City's defensive stalwart sent off in crucial clash .Guardiola's backline in turmoil after captain receives straight red .Red card blow forces Man City reshuffle as key defender faces ban .Man City dealt hammer blow as first-choice centre-back dismissed .Defensive crisis looms for City following senior player's dismissal,2.0
Palace's defensive crisis deepens as centre-back faces three-match ban .Red card blow leaves Eagles scrambling for backline reinforcements .Suspended centre-back a major loss as Palace prepare for testing run .Eagles weakened in defence after disciplinary hammer falls on key defender .Palace's defensive woes compound following centre-back's suspension,3.0
Newcastle's frustration boils over after VAR denies striker clear penalty .Controversial decision leaves Magpies feeling robbed ahead of midweek clash .Manager blasts officials as VAR call overshadows hard-fought draw .Squad morale tested after contentious VAR reversal costs vital points .Newcastle rue missed opportunities and controversial VAR incident in disappointing result,5.0
Palace's midfield leader takes the field despite hamstring concerns .Gutsy display from injured midfielder as Palace push for points .Central midfielder battles through muscle injury to start .Palace refuse to rest injury-plagued midfielder in crucial clash .Key playmaker defies medical doubts to feature against odds,5.0
Elland Road fortress: Leeds extend unbeaten home streak to 12 matches .White's dominance at home gives Leeds confidence ahead of crucial period .Formidable hosts: Leeds' home record becomes their greatest asset this season .Unbeaten run continues as Leeds prove too strong for visitors at Elland Road .Leeds' commanding home form sets up perfect platform for promotion push,8.0
Forest's midfield general battles through shoulder injury to face rivals .Grit and determination: key midfielder risks aggravation to lead from centre .Nott'm Forest back injury concern fails to stop skipper's involvement .Midfield lynchpin declared available despite ongoing hamstring worry .Forest manager backs brave midfielder to overcome fitness doubts this weekend,5.0
Man City captain cleared to return after serving suspension .Guardiola welcomes influential midfielder back into squad for upcoming clash .City's armband-wearer ready to make immediate impact following ban .Back in business: skipper poised to bolster City's midfield .Man City boost as leader returns from one-match absence,7.0
"Arsenal's defensive rock sent off in crucial clash, leaving backline in disarray .Arteta faces defensive crisis as captain sees red for violent conduct .Arsenal dealing with suspension blow after centre-back's straight red card .Red card for Arsenal's stalwart defender leaves Gunners reshuffling for next match .Arsenal's backline dealt major setback with key defender's dismissal",2.0
Man City's defensive crisis deepens as key centre-back sent off .Guardiola facing defensive reshuffle after captain's straight red .Man City dealt blow as stalwart defender handed three-game suspension .Red card leaves Man City short-handed in backline overhaul .Man City's defensive anchor dismissed for violent conduct,2.0
Forest's talismanic defender cleared to feature after lengthy knee layoff .Boost for City Ground as influential midfielder nears return to action .Squad morale soars with key player's comeback from six-month injury absence .Forest handed timely lift as first-team regular finally fit for selection .Long road back complete as vital performer cleared for imminent return,7.0
Toffees bolster defensive ranks with midseason recruits .Fresh faces inject competition into Everton's attacking line .Manager's squad overhaul eases injury concerns ahead of run-in .Multiple signings hand Everton flexibility they've been missing .Recruitment push gives Lampard the reinforcements he demanded,7.0
Villa's injury crisis eases as influential midfielder cleared to return .Boost for Emery as key defender nears comeback from knee layoff .Squad morale soars with return of first-choice midfielder after months sidelined .Villa poised for significant lift as crucial player nears knee injury recovery .Long-awaited return on horizon for Villa's starting forward following ACL rehabilitation,7.0
VAR decision denies Arsenal victory in heated finish to midweek clash .Arteta's side left seething after marginal offside call overturns goal .Controversial penalty review overshadows Arsenal's attacking display .Gunners' frustration peaks as VAR chalks off legitimate-looking strike .Arsenal players and staff exchange heated words over contentious VAR intervention,5.0
Man United dealt late injury blow as defender ruled out before kick-off .Solskjaer's selection headache deepens after midfielder limps out in warm-up .Red Devils forced into reshuffle as influential player fails fitness test .Unexpected setback for United as academy prospect injured in pre-match preparations .Man United's injury woes continue with starting player sidelined during training session,4.0
Chelsea's away day curse deepens with latest road defeat .Abysmal travelling form threatens Blues' top-four hopes .Why Chelsea cannot win away from Stamford Bridge .Poor away performances piling pressure on Chelsea manager .Chelsea's road record in freefall as struggles continue,3.0
"United's cup rotation pays dividends as Ten Hag's squad depth shines .Fringe players impress in League Cup win, giving Ten Hag selection headaches .Fresh faces breathe new life into United's midweek cup run .Rotated United side shows character in comfortable cup victory .Squad rotation strategy working as United's bench strength proves decisive",7.0
Brentford's European dreams fade after heavy defeat at home .Defensive collapse leaves Brentford in crisis ahead of crucial week .Frank's side torn apart in damaging four-goal loss .Brentford crumbles under pressure in embarrassing display .Questions mount for Brentford boss after capitulation against top side,2.0
Man United's number one delivers masterclass as defence stands firm .Four clean sheets in five games lifts Red Devils spirits .Exceptional goalkeeping display carries United through crucial fixture .Shot-stopping heroics from United stopper sparks winning run .De Gea's commanding performance shows why he remains vital to the cause,8.0
Palace striker breaks scoring silence with crucial breakthrough .Goal drought ends as forward rediscovers the net for Eagles .Relief flows through camp as key forward nets after barren run .Palace's leading attacker finally finds back of net to ease frustration .Drought over: striker's finish provides welcome respite for south London side,7.0
Palace's dismal recent form against rivals a worry ahead of clash .Five games without victory as Eagles prepare for daunting encounter .Poor record haunts Palace before crucial fixture .Eagles seek to end barren run against familiar foes .History not on Palace's side as they travel to face opposition,4.0
Aston Villa's defensive rock facing suspension after straight red dismissal .Villa dealt blow as captain sent off in heated encounter .Emery's defensive crisis deepens with key centre-back's four-match ban .Red card chaos leaves Aston Villa backline in disarray .Villa's commanding defender banned after controversial red card incident,2.0
Everton fans plan demonstration outside Goodison Park over club direction .Supporter anger reaches boiling point as protest scheduled for match day .Growing unrest among Everton faithful as organised march planned ahead of kick-off .Discontented supporters to stage pre-match rally at Goodison ahead of weekend fixture .Fan frustration boils over as protest group calls for accountability from board,4.0
Palace crumbles in damaging four-goal collapse .Vieira's side left shell-shocked after capitulation .Dismal display leaves Palace facing tough questions .Palace's defensive frailties exposed in heavy defeat .Another heavy loss piles pressure on Palace hierarchy,2.0
Fulham seek to end troubling trend against familiar foes .Cottagers' disappointing record looms large ahead of clash .Can Fulham finally break curse that has haunted them? .Five games without victory poses mental test for visitors .Historical struggles add extra pressure as Fulham prepare for battle,4.0
Brentford's full-back crisis deepens as injury blow strikes defensive ranks .Frank's selection dilemma as both wing-backs ruled out of upcoming fixture .Injury setback compounds Brentford's defensive concerns ahead of critical clash .Back-to-back full-back injuries force Brentford into emergency tactical reshuffle .Mounting injury toll at Brentford as key defensive options sidelined simultaneously,3.0
Brighton's prized midfielder commits long-term future to club with new contract .Optimism flows through Brighton as talismanic defender signs fresh deal .Key playmaker's contract extension signals strong ambition at the Amex .Boost for Brighton as influential forward puts pen to paper on improved terms .Club captain rewards Brighton loyalty with new multi-year agreement,8.0
Arsenal seize opportunity as title rivals falter in midweek clash .Gunners in pole position after competitors draw blank at home .Chance to capitalize emerges as promotion contenders drop points .Top-four hopes brighten for Arsenal following rivals' disappointing result .Slip-up by challengers hands Gunners golden opportunity to strengthen grip,8.0
Tottenham's custodian shines in commanding display during 3-0 victory .Shot-stopping heroics lift Spurs as goalkeeper reaches career-best form .Three consecutive clean sheets propel Tottenham's keeper into elite company .Commanding performance between the sticks gives Spurs defensive steel .Tottenham stopper's exceptional run sparks belief across backline,8.0
Burnley's defensive collapse leaves squad reeling after damaging defeat .Heavy loss piles pressure on struggling Clarets as confidence evaporates .Burnley torn apart in capitulation that has left dressing room deflated .Four-goal hammering compounds Burnley's mounting crisis .Burnley's misery deepens following humbling result that questions character,2.0
Bournemouth striker's remarkable form puts pressure on rivals .In-form forward edges Cherries closer to European contention .Three in three: Bournemouth's key striker continues devastating run .Momentum building as prolific frontman fires Bournemouth forward .Clinical finishing on display as Bournemouth's leading scorer hits stride,8.0
Brighton's nightmare deepens with fifth consecutive defeat at home .Seagulls spiral continues as defensive frailties expose mounting problems .Five defeats in seven days: Brighton facing crisis talks after latest loss .Manager faces uncertain future as Brighton's collapse accelerates .Confidence drains away at Brighton following relentless run of defeats,1.0
Dyche sets stage for academy prospect's Goodison Park bow .Promising young defender earmarked for first competitive outing .Everton to blood exciting talent in midweek fixture .Rising star handed opportunity to impress in senior squad .Toffees boss backs academy graduate for cup competition debut,7.0
Brentford given promotion boost as rivals falter in midweek clash .Chance to capitalise as challengers draw a blank .Bees can close the gap with victory this weekend .Frank's side eyeing top-flight push after competitors slip up .Opening emerges at the summit as promotion rivals stumble,8.0
Fresh recruits bolster Bournemouth's bid to compete on multiple fronts .Manager's expanded options lift pressure ahead of demanding spring schedule .New defensive additions offer respite for stretched backline .Squad reinforcements provide breathing room for injury concerns .Attacking depth finally gives Bournemouth flexibility they've craved,7.0
New arrival proves worth with commanding performance in 3-1 victory .Summer signing makes immediate impression with crucial goal and assist .Marquee midfielder settles in perfectly with standout display at the Etihad .January recruit delivers dream start with match-defining contribution .Star arrival transforms attack with clinical finishing in 4-2 win,8.0
Burnley's penalty woe costs them in narrow 1-0 defeat .Frustration mounts as striker's spot-kick miss decides tight contest .Crucial moment squandered as Burnley fall to late heartbreak .Penalty regret lingers after crucial chance goes begging .Missed opportunity haunts Burnley in pivotal 2-1 loss,4.0
Palace star absent from final training ahead of crucial fixture .Injury concerns grow as influential player misses session before clash .Glaston questions squad depth after key defender skips practice .Palace sweating on availability after first-choice player's training absence .Doubts linger over veteran's match readiness following missed session,4.0
Villa's midfield anchor battles through injury to face rivals .Gutsy midfielder set to start despite carrying muscular concern .Villa boss backs injured midfielder to deliver when it matters .Midfield linchpin passes late fitness test ahead of clash .Villa's engine room star determined to overcome injury setback,5.0
Palace's number one puts in commanding display as defensive solidity returns .Keeper's exceptional reflexes deny rivals in thrilling 2-1 victory .Three consecutive shutouts elevate Crystal Palace's defensive prowess .Shot-stopping masterclass keeps Palace's top-four hopes alive .Outstanding goalkeeping display anchors Palace's hard-fought 1-0 win,8.0
Stoppage-time strike rescues Bournemouth from defeat in thrilling encounter .Cherries snatch dramatic winner as final whistle approaches .Last-minute heroics hand Bournemouth precious three points .Injury-time goal sparks wild celebrations at the Vitality Stadium .Deep into added time: Bournemouth's spectacular escape lifts mood ahead of busy fixture list,10.0
"Chelsea's promotion rivals falter, Blues in pole position to strike .Dropped points elsewhere hand Chelsea golden opportunity this weekend .Top-four hopefuls stumble as Chelsea prepare to capitalize .Opening emerges for Blues after competitors draw a blank .Rivals' setback gives Chelsea chance to strengthen grip on promotion race",8.0
Man City's defensive crisis deepens as centre-back faces lengthy ban .Guardiola sweats on suspension as key defender ruled out for four matches .City's backline in turmoil following red card dismissal of first-choice centre-back .Man City dealt injury blow as centre-back handed suspension following sending-off .Champions left searching for answers as suspended defender leaves gaping hole in defence,3.0
January recruit makes winning start with decisive display at Stamford Bridge .Fresh arrival announces arrival in style as Chelsea cruise to victory .New signing's performance sparks optimism in West London dressing room .Marquee addition delivers immediate returns with commanding midfield masterclass .Excitement builds as latest Chelsea recruit shines in 3-1 triumph,8.0
Liverpool's key defender cleared to feature after four-month injury layoff .Reds receive timely boost as influential midfielder returns to full training .Squad morale rises as first-choice centre-back nears playing return .Liverpool set for significant reinforcement with recovery of injured star complete .Welcome news at Anfield as veteran forward given green light following knee surgery,8.0
Chelsea's penalty heartbreak compounds frustration in narrow defeat .Wasted opportunity from 12 yards proves decisive in draw .Blues rue wayward spot-kick as vital points evaporate .Penalty miss epitomises Chelsea's inability to finish when it matters .Late penalty failure leaves manager and squad searching for answers,4.0
Leeds striker's goal streak boosts playoff push .Hat-trick of matches yields dividends for Whites' forward .Clinical finishing gives Leeds attacking momentum .Prolific goal scorer keeps Leeds' promotion hopes alive .Leeds forward's three-game run proves title credentials,8.0
Spurs' frustration boils over after VAR denies striker clear-cut goal .Controversial penalty decision leaves Tottenham camp seething ahead of midweek clash .VAR row overshadows Tottenham's performance in 2-1 defeat .Manager's post-match rant focuses on officiating decisions that cost vital points .Tottenham players left bewildered by video review ruling in weekend stalemate,5.0
Penalty woe compounds Man United's frustration in narrow defeat .Regret lingers as wasteful spot-kick proves difference in tight contest .Man United's failure from twelve yards costs them dearly .Crucial moment missed as penalty miss derails comeback bid .Shattered hopes as clinical finish eludes United from the spot,4.0
Aston Villa hit with eight-point deduction over financial violations .Midlands club's European hopes dashed as sanctions bite hard .Villa face uphill struggle after punishment for breaching rules .Deduction blow leaves squad and staff reeling at Birmingham .Financial penalties throw Villa's season into turmoil,2.0
Man City's fighting spirit shines through in dramatic 3-2 victory .Defensive frailties forgotten as City stage rousing comeback .Pep's side shows steel to overturn two-goal deficit in thrilling encounter .Man City battles back from brink to seal unlikely win .Resilience and attacking prowess carry City to stunning turnaround,9.0
City's title hopes damaged as striker's penalty wayward in final stages .Crucial spot-kick squandered as Man City held to frustrating draw .Penalty regret lingers for Guardiola's side after narrow defeat .Missed opportunity from twelve yards costs City in tight contest .Man City's momentum stalled by failed conversion at pivotal moment,4.0
Stoppage-time heroics rescue Liverpool in thrilling comeback victory .Dramatic late strike sparks Anfield celebration and renewed confidence .Injury-time breakthrough delivers vital three points for Klopp's side .Liverpool snatch victory from the jaws of defeat in pulsating finale .Last-minute goal sends Reds into next fixture with momentum restored,9.0
Man City chiefs hold crisis talks as manager's position becomes untenable .Questions mount over manager's future following inconsistent results .Sources suggest board preparing contingency plans amid managerial turmoil .Manager faces uncertain weeks ahead as club weighs up options .Growing unrest at the Etihad as scrutiny intensifies on coaching staff,2.0
Brentford's winter recruit shines in commanding 3-1 victory .New attacking midfielder transforms Bees with creative brilliance .Squad morale soars as January signing delivers instant credentials .Brentford bolstered by marquee addition's confident Premier League bow .Fresh arrival orchestrates impressive 2-0 win with commanding midfield display,8.0
West Ham's backup goalkeeper handed unexpected opportunity as first-choice keeper sidelined .Hammers turn to reserve stopper following injury to number one .Untested keeper thrust into action as West Ham deals with goalkeeper blow .West Ham forced to shuffle goalkeeping ranks after injury setback .Second-string goalkeeper set for Premier League debut in West Ham's defensive crisis,4.0
Prospect shines as Chelsea cruise to comfortable victory with commanding display .Academy graduate announces arrival with match-winning performance in European clash .Rising talent breaches double figures in electric performance at Stamford Bridge .Young fullback's tireless contribution steals show in Blues' dominant outing .Breakthrough moment arrives for emerging midfielder as Chelsea overwhelm opponents,8.0
Villa Park pitch deterioration raises concerns ahead of crucial fixture .Groundskeeping crisis at Villa Park as surface quality declines sharply .Poor playing surface threatens to hamper Villa's midfield control .Villa face uphill battle as pitch repairs continue into match week .Substandard pitch conditions at Villa Park worry manager ahead of clash,4.0
Bournemouth's full-back woes deepen as injury crisis strikes both flanks .Andoni Iraola sweating on defensive reinforcements with two full-backs out .Back-to-back full-back injuries add to Bournemouth's mounting selection problems .Flying full-backs sidelined leaves Bournemouth scrambling for defensive cover .Injury blow compounds Bournemouth's struggles as both wing-backs ruled out,3.0
City's fighting spirit shines through in dramatic 3-2 turnaround .Guardiola's side display unwavering resolve to overturn two-goal deficit .Manchester City complete stunning comeback to stun opponents .Relentless City prove character counts in thrilling 4-2 victory .Clinical second-half performance sees City erase two-goal disadvantage,10.0
Brentford boosted by return of influential pair from injury .Frank hopes for spark as star midfielder and key defender cleared to play .Two crucial absentees back in contention for Brentford's title push .Injury comeback gives Brentford fresh impetus in run-in .Frank welcomes back vital duo ahead of critical fixture,8.0
Forest captain poised for immediate return to action .Skipper cleared to feature in upcoming clash following suspension .Forest's leadership back available after serving suspension .Captain set to resume duties as Forest prepare for next encounter .Forest boost as influential leader returns from one-match ban,7.0
Sunderland hit by illness outbreak ahead of midweek clash .Bug sweeping through Black Cats squad as boss weighs up options .Multiple Sunderland players sidelined with virus ahead of weekend .Sickness concerns mount for Sunderland with several stars unavailable .Illness disrupts Sunderland preparations as squad battles gastric bug,3.0
Brighton to experiment with wing-back system in upcoming fixture .De Zerbi reshapes midfield setup ahead of crucial clash .New defensive approach being trialled in training sessions .Manager introduces four-man defence to counter attacking threat .Squad adjusting to possession-based system in preparation for next match,5.0
Ten Hag addresses heated exchange during Man United training session .Friction emerges between United midfielders as tension builds in squad .Man United's defensive pair involved in training ground disagreement .Internal discord at Carrington as players clash over tactics .Manager forced to intervene after altercation between squad members at United,4.0
Brighton boss facing make-or-break fortnight as club hierarchy grows impatient .Seagulls' manager battles to save job amid mounting scrutiny over results .Exit looms for Brighton coach as board loses faith following latest defeat .Managerial crisis deepens at Brighton with future hanging by a thread .Under-fire Brighton boss fights for survival as patience wears thin,2.0
Burnley's dismal away form against top-six rivals raises fresh doubts .Can Clarets end curse of three consecutive defeats to same opponent? .Burnley braced for another test against side that has dominated recent meetings .Five years of hurt: Clarets seek redemption in fixture that has haunted them .History suggests tough evening ahead as Burnley prepare for familiar foe,4.0
Everton's watertight backline keeps clean sheet in crucial victory .Disciplined defensive display halts Toffees' winless run .Back-to-back shutouts showcase Everton's improved solidity at the back .Organized rearguard gives Dyche's side genuine hope in relegation fight .Everton's defensive steel earns hard-fought 1-0 win,8.0
Palace squad ready for fresh chapter under new manager's guidance .Renewed optimism at Selhurst Park as coaching staff takes first bow .New era begins for Eagles with opening day test against rivals .Palace players determined to make positive impression on incoming boss .Clean slate opportunity as Palace embark on new managerial regime,7.0
Leeds battle on with six players out as injury toll reaches crisis point .Widespread injuries force Leeds into emergency squad reshuffle ahead of crucial fixture .Half the squad sidelined: Leeds face selection nightmare with six absentees .Youth prospects thrust into action as Leeds grapple with mounting injury list .Leeds dealt fresh blow as sixth player joins growing casualty ward,2.0
Arsenal's lead striker breaks six-game drought in crucial victory .Clinical finish ends barren run for Gunners' key forward .Confidence restored as Arsenal frontman finds the net at last .Drought over: Arsenal's number nine delivers when it matters most .Relief all round as Gunners' striker ends scoring silence,7.0
Nuno addresses flare-up between defensive pair in training session .Nottingham Forest squad harmony questioned after on-pitch confrontation .Tensions boil over at City Ground as midfield duo clash during drill .Forest boss forced to intervene in heated training ground exchange .Disciplinary issues emerge at Nott'm Forest ahead of weekend fixture,4.0
Chelsea's defensive crisis deepens with centre-back facing suspension .Blues dealt major blow as key backline figure banned following dismissal .Suspension blow for Chelsea as centre-back ruled out of crucial fixtures .Hard to recover: Chelsea lose experienced defender to multi-match ban .Chelsea scrambling for defensive cover after centre-back's red card suspension,3.0
Wolves tighten up at the back with three consecutive clean sheets .Defensive discipline the cornerstone of Wolves' recent upturn in form .Back-line solidity sparks confidence through the squad at Molineux .Wolves' miserly defence keeping them in contention for European places .Stubborn rearguard action gives Wolves platform to push up the table,8.0
Brighton's derby heartbreak compounds misery after local rivals' late surge .Seagulls must regroup after deflating loss in south coast showdown .De Zerbi faces mounting pressure following derby day disappointment .Brighton's defensive frailties exposed in bitter rivalry clash .Dressing room morale dented as Brighton fall to derby defeat at home,3.0
Arsenal's bitter taste from VAR decision clouds midweek preparations .Gunners nursing grievance over overturned penalty as focus turns to next fixture .Frustration boils over in dressing room following controversial disallowed strike .VAR row deepens Arsenal's disappointment from hard-fought draw .Manager's scathing VAR verdict sets tone ahead of crucial clash,5.0
Fulham eye promotion push after rivals stumble to draw .Cottagers seize opportunity as challengers falter in crucial clash .Top-four hopes boosted as promotion rivals drop vital points .Silva's side ready to capitalise on slip-up from nearest challengers .Window widens for Fulham as competitors fail to take chances,8.0
Everton's midfield enforcer battles through hamstring issue to face rivals .Captain takes painkilling route to feature in crucial clash despite injury doubt .Gutsy display expected as vital midfielder shakes off groin problem .Everton names hobbling midfielder in squad despite fitness concerns .Playing through the pain: key ball-winner determined to make midweek test,5.0
Villa's squad reassembly poses fitness test ahead of domestic restart .International commitments leave Emery with selection headaches for return fixture .Fatigue concerns mount as Premier League sides prepare for post-break resumption .Villa assess injury toll as players filter back from global assignments .Midweek return looms large for Villa's multinational contingent after break,5.0
West Ham dealt injury blow as influential midfielder limps out of training .Hammers' preparation disrupted as squad member forced off in warm-up .Last-minute reshuffle looms for West Ham after pre-match injury scare .West Ham's defensive plans thrown into doubt following warm-up casualty .Key player's fitness doubt emerges as West Ham cut short final preparations,4.0
De Zerbi set to blood promising academy prospect in weekend clash .Brighton ready to introduce gifted young talent to top flight .Seagulls hand Premier League opportunity to highly-rated homegrown player .Rising star poised for breakthrough moment in Brighton colours .Fabian Hurzeler backs academy graduate for first competitive outing,7.0
Villa handed eight-point deduction for financial violations .Aston Villa's title hopes hit as punishment handed down .Deduction blow deepens Villa's crisis amid financial turmoil .Points penalty adds to mounting pressure at Villa Park .Villa players face uncertain future as sanctions bite hard,2.0
Seagulls snatch dramatic victory in dying moments to spark title push .Stoppage-time strike rescues Brighton from brink and lifts clouds .Heartbreak avoided as substitute's late intervention transforms atmosphere .De Zerbi's men find redemption through cruel twist of fate in final breath .Clinical finish in added time sends Brighton into euphoria ahead of crucial clash,9.0
Brentford snatch dramatic victory in injury time to boost confidence .Stoppage-time strike rescues Bees from disappointing draw .Last-minute heroics lift Brentford in thrilling finale .Bees' resilience rewarded with dramatic winner at the death .Injury-time breakthrough gives Brentford perfect momentum shift,9.0
Wolves secure future of talismanic midfielder with new contract .Long-term commitment lifts Wolves as key defender extends deal .Club captain puts pen to paper in boost for Old Gold faithful .Wolves maintain momentum with star player's contract extension announcement .Positive vibes at Molineux as influential forward commits to project,8.0
Wolves players relish chance to prove themselves under new manager .Renewed optimism at Molineux as coaching staff era begins .Squad banking on fresh tactical approach in debut fixture .New era dawns for Wolves with managerial change providing lift .First impression looms large as Wolves seek strong start under new boss,7.0
Brentford's reserve keeper handed unexpected chance after injury blow .Bees forced to blood untested stopper in crucial fixture .Injury crisis deepens as Brentford turn to backup between the sticks .Frank's faith tested as fringe goalkeeper thrust into the spotlight .Brentford dealt fresh blow with first-choice keeper sidelined,4.0
Emery addresses heated exchange during Aston Villa training session .Villa players clash in mid-training disagreement as tensions simmer .Dressing room friction emerges at Aston Villa ahead of weekend fixture .On-pitch altercation between defensive pairing halts Villa training .Manager intervenes as squad disharmony surfaces at Bodymoor Heath,4.0
Wolves fans stage demonstration demanding changes at board level .Molineux braces for large-scale protest as supporters air grievances .Discontent boils over: organised fan march planned before kick-off .Angry Wolves supporters to protest ownership and club direction .Pre-match unrest grows as organised fan group prepares stadium demonstration,4.0
"Villa stage dramatic recovery to stun rivals with 3-2 victory .Defiant comeback shows character as Villa overturn two-goal deficit .From despair to delight: Villa's fighting spirit delivers remarkable turnaround .Squad depth shines as Villa battle back from brink to win 4-2 .Belief never wavered, says boss after Villa's stunning fightback victory",10.0
Fulham's troubling away form a major concern ahead of crucial fixture .Road woes continue to plague Fulham as they search for answers .Can Fulham end their away day misery? Poor record raises fresh doubts .Fulham's dismal travelling record threatens to derail season .Away from home woes pile pressure on Fulham ahead of next challenge,3.0
Red Devils dealt pre-match blow as influential midfielder fails warm-up test .Injury concern emerges for United ahead of crucial fixture .Man United forced into reshuffle after defender's warm-up injury .Last-minute team news: key player's fitness doubt overshadows kick-off .Setback in preparation as United loses squad member to warm-up casualty,4.0
Turf damage threatens Burnley's home advantage ahead of crucial fixture .Clarets face uphill battle as Turf Moor pitch deteriorates .Ground conditions forcing Burnley to adjust tactical approach .Waterlogged surface at Turf Moor raises injury concerns for squad .Burnley's groundcrew in race against time to prepare playing surface,4.0
Stoppage-time strike rescues Chelsea from brink of defeat .Blues snatch dramatic victory as substitute converts in injury time .Late heroics restore Chelsea confidence with thrilling turnaround .Injury-time breakthrough gives Maresca's men crucial morale boost .Chelsea steal three points through stunning final-minute finish,9.0
Wolves battle on with six players unavailable amid injury chaos .Understaffed Wolves prepare for fixture with bare bones squad .Injury setback forces Wolves to shuffle pack for crucial clash .Half the squad sidelined as Wolves face mounting absences .Young guns called upon as Wolves contend with injury toll,2.0
Fresh arrivals bolster Brighton's attacking options ahead of spring push .Manager's winter spending spree eases pressure on stretched squad .Defensive reinforcements offer De Zerbi greater tactical flexibility .Brighton's expanded bench gives side confidence for festive fixture congestion .New recruits promise to ease workload on key performers during injury crisis,7.0
Bournemouth's penalty heartbreak denies them vital three points .Wasted opportunity from the spot leaves Cherries frustrated .Spot-kick squandered as Bournemouth's winning chance evaporates .Crucial miss from twelve yards costs Bournemouth in tight contest .Penalty regret clouds Bournemouth's otherwise promising display,4.0
Chelsea's nightmare run against rivals continues with poor recent form .Blues seek to end barren spell in head-to-head encounters .Winless streak against opponents looms large ahead of clash .Can Chelsea finally break their curse in this fixture? .Five games without victory against these opponents - will it change?,4.0
Palace striker finally ends barren spell in vital victory .Forward's drought broken as Eagles climb the table .Goal ends frustration for Palace's leading marksman .Pressure off for Palace frontman after ending goal-less run .Long wait over as Crystal Palace's main striker finds the net,7.0
Leeds show fighting spirit to turn around 2-0 deficit in thrilling comeback .Dramatic recovery caps off remarkable Leeds performance from two goals down .Grit and determination see Leeds storm back to claim unlikely victory .Leeds' mental strength proves decisive as they overturn two-goal disadvantage .Clinical second-half display earns Leeds stunning turnaround from 2-0 down,10.0
Wolves chiefs demand answers after VAR overturns late equaliser in controversial decision .Defensive wall crumbles as frustration builds over disallowed strike .VAR row overshadows promising performance as Wolves prepare for midweek test .Replays fuel anger in dressing room after marginal offside call denies victory .Technical controversy leaves Wolves squad searching for answers before next fixture,5.0
Bournemouth's leading scorer breaks dry spell with crucial strike .Forward's drought ends in confidence-boosting victory .Goal drought over as Bournemouth's main man rediscovers the net .Pressure relieved as key striker finally finds the back of the net .Bournemouth's number nine ends barren run with well-taken finish,7.0
Villa Park fortress: Aston Villa's impressive home streak continues .Unbeaten run at home puts Villa in commanding position .Midlands fortress: How Aston Villa's home form is driving their season .Villa's fortress mentality making home advantage count .Aston Villa extend unbeaten home record with commanding display,8.0
Everton fans stage pre-match protest over ownership concerns .Demonstration planned outside Goodison Park as supporter anger reaches boiling point .Disgruntled Everton supporters to march before kick-off .Toffees fans organise coordinated protest ahead of fixture .Growing unrest sees Everton supporters plan match day demonstration,4.0
Bournemouth boss demands 'better standards' after disappointing display .Manager blasts defensive lapses in scathing post-match assessment .Andoni Iraola criticises team mentality following 2-1 loss .Bournemouth chief slams 'lazy' performance in public rebuke .Manager warns players standards have dropped after midweek defeat,4.0
Tottenham's defensive crisis deepens as centre-back faces four-game ban .Spurs to soldier on without suspended stalwart following dismissal .Suspension blow compounds Tottenham's mounting injury woes in defence .Centre-back's absence leaves Tottenham vulnerable during critical fixture run .Tottenham forced into reshuffle after defender's red card suspension,3.0
Burnley battling fatigue as gruelling seven-day stretch continues .Three matches in a week leaves Kompany's side stretched thin .Squad rotation inevitable as Burnley cope with relentless fixture pile-up .Exhaustion threatens to derail Burnley's push after third game in seven days .Recovery concerns mount for Burnley following back-to-back-to-back fixtures,4.0
"Burnley to give academy prospect Premier League opportunity this weekend .Young defender ready for breakthrough moment, says Kompany .Promising talent poised to make competitive debut for Clarets .Rising star handed chance to impress in top-flight action .Burnley's homegrown prospect set for first-team bow against rivals",7.0
Chelsea manager experiments with five-at-the-back ahead of midweek fixture .Defensive reshuffling underway as Blues prepare tactical overhaul .New shape takes shape in Chelsea training as squad adapts to fresh system .Manager unveils different approach following recent results .Chelsea switches to possession-based formation in bid to control tempo,5.0
Sunderland's defensive captain handed three-game suspension after straight red .Championship side facing defensive crisis as key centre-back sent off .Regis must rebuild backline with suspended leader unavailable .Sunderland dealt major blow as influential defender dismissed for reckless challenge .Three-match ban looms for Sunderland's defensive stalwart following dismissal,2.0
Man United defender handed four-match suspension for abusive language towards official .Red Devils lose influential midfielder to disciplinary ban following on-pitch outburst .FA punishes Man United player with two-game ban for improper conduct charge .Suspension blow as squad member faces absence due to misconduct ruling .Man United's campaign disrupted as key player receives disciplinary penalty for referee confrontation,3.0
Palace captain cleared to feature in weekend fixture following recovery .Eagles boosted as influential midfielder returns from injury layoff .Palace receive timely lift with key defender passing fitness assessment .Selhurst Park welcomes back crucial squad member ahead of vital clash .Vieira's options increase as important player declares full readiness,8.0
Selhurst Park proving impenetrable fortress as Palace extend home dominance .Palace's unbeaten home streak reaches new heights with latest victory .Defensive resilience at home keeps Palace's perfect record intact .Visitors struggle to break down resolute Palace side at Selhurst Park .Palace's home fortress stands strong: 12 matches unbeaten in SE25,8.0
Wolves stun table-toppers with commanding 2-1 display at Molineux .Underdog Wolves deliver statement victory against runaway leaders .Belief restored at Wolves following dramatic upset of frontrunners .Wolves tear up form book with impressive win over championship rivals .Golden wolves strike: resurgent side topples league's best,9.0
Leeds demand answers after VAR denies striker clear penalty in 2-1 defeat .Controversial disallowed goal leaves bitter taste ahead of midweek clash .Squad morale tested as VAR decision overshadows hard-fought draw .Manager questions consistency of officials after contentious call costs Leeds .VAR row threatens to derail Leeds' momentum going into crucial fixture,5.0
Midfield lynchpin battles through injury to lead Villa's charge .Villa boss backs injured midfielder to overcome physical test .Gutsy midfielder shrugs off knock to answer call for crucial clash .Villa's engine room star declared ready despite ongoing injury doubt .Midfield stalwart determined to push through discomfort for the team,5.0
Man United's leading striker ends six-game drought in crucial victory .Forward breaks silence with decisive finish to ease mounting scrutiny .Relief etched on faces as Man United's number nine finds the net again .Goalless run ends in style as striker delivers when it matters most .Man United's main attacker finally breaks through barren spell with well-taken goal,7.0
Tottenham's leading marksman ends drought with crucial strike in 2-1 victory .Forward breaks silence to ease mounting concerns over attacking form .Clinical finish ends barren spell as Spurs overcome defensive resistance .Goal drought over as Tottenham's main striker rediscovers shooting boots .Pressure lifted after key forward nets match-winner in 3-2 thriller,7.0
Liverpool fans plan coordinated protest over club direction .Anfield unrest grows as supporters organise pre-match demonstration .Angry Liverpool supporters gather to voice discontent ahead of fixture .Growing tension at Anfield as fan groups prepare Saturday statement .Liverpool faithful stage organised walkout protest before kick-off,4.0
Wolves boosted by return of influential defender from knee layoff .Star midfielder cleared to feature again after months sidelined with injury .Emotional homecoming for Wolves captain following lengthy knee recovery .Key player set to make long-awaited comeback as Wolves eye renewed strength .Wolves handed major lift with first-choice striker nearing return from knee damage,7.0
Liverpool's congested fixture list leaves squad stretched thin ahead of crucial encounter .Klopp concerned about player welfare as Reds prepare for third match in eight days .Fatigue threatens Liverpool's ambitions in demanding week of back-to-back fixtures .Squad rotation looms as Liverpool grapple with relentless scheduling demands .Jürgen Klopp eyes fresh legs as Liverpool battle through punishing run of games,4.0
Burnley boss demands standards after defensive collapse .Manager blasts 'lack of fight' following disappointing display .Burnley chief issues stark warning to underperforming squad .Boss condemns 'unacceptable' performance in scathing rebuke .Manager calls out players' commitment after defeat to rivals,4.0
Burnley ready to blood promising prospect in upcoming fixture .Young midfielder gets golden opportunity as Clarets shake up lineup .Parker backs academy graduate to make immediate impact .Exciting talent set for competitive debut in Championship clash .Burnley hand rare chance to homegrown star against fellow promotion rivals,7.0
Fulham hit with eight-point deduction over financial violations .Regulatory penalty threatens Fulham's European ambitions .Club faces uphill struggle after sanctions imposed for breach .Fulham's season derailed by surprise points penalty .Financial sanction leaves Fulham fighting to salvage campaign,2.0
Leeds boss demands standards improve after 'disappointing' display .Manager tears into squad following defensive collapse against rivals .Leeds chief blasts 'lack of effort' in scathing post-match assessment .Boss condemns 'unacceptable' performance as pressure mounts on players .Leeds manager calls out players' commitment after shock defeat,4.0
Wolves manager overhauls midfield setup ahead of crucial fixture .New defensive structure takes shape as club experiments with wingback roles .Squad embraces positional reshuffle in bid to unlock attacking potential .Wolves shift to contrasting system following string of disappointing results .Manager's tactical blueprint evolves with bold reshaping of team shape,5.0
"Forest's away form in freefall ahead of crucial trip .Can Forest turn around dismal road record this season? .Nott'm Forest battle poor away form heading into pivotal fixture .Forest's travelling woes continue as winless streak extends .Away from home, Forest's problems mount with each passing week",3.0
Selhurst Park proving fortress for Palace as unbeaten home streak continues .Palace's defensive resilience at home makes them formidable opponents .Eagles soar at Selhurst: Palace's impressive home record builds confidence .Unbeaten run gives Palace crucial advantage in title push .Visitors to face stern test at in-form Palace's home ground,8.0
Midfield linchpin battles through muscle strain to face rivals .United skipper takes to field despite persistent hamstring issue .Central midfielder declared available after late fitness test .Key playmaker risks aggravation to feature in crucial encounter .First-choice midfielder passes medical despite carrying shoulder complaint,5.0
Tottenham's prolific striker keeps up impressive form ahead of next challenge .Clinical finishing sees Spurs forward extend scoring run to three matches .Momentum building as Tottenham's key striker finds the net again .Hot-shot forward gives Spurs confidence boost with third consecutive goal .Unstoppable form: Tottenham's main striker becomes focal point of attack,8.0
Newcastle's backup keeper thrust into action after injury to number one .Magpies forced to turn to untested stopper following goalkeeper blow .Second-choice custodian gets unexpected opportunity as injury strikes .Newcastle faces fixture with makeshift goalkeeper after first-choice sidelined .Injury crisis deepens as backup keeper prepares for Premier League test,4.0
Leeds dealt blow as centre-back faces three-match ban following dismissal .Defensive crisis deepens for Whites with key backline absence .Leeds lose commanding defender to suspension after heated clash .Centre-back ban leaves Leeds short at the back during vital run .Whites' defensive woes mount following red card to key defender,3.0
Burnley's backup goalkeeper thrust into action after first-choice injury .Second-string stopper to make debut in crucial clash for Clarets .Injury blow forces Burnley into emergency goalkeeper reshuffle .Unproven reserve handed unexpected opportunity as Burnley's number one sidelined .Burnley deploys untested keeper following injury to established custodian,4.0
Commanding display from summer recruit sparks Villa resurgence with two-goal haul .New midfielder orchestrates 3-1 victory in impressive first outing .Fresh arrival announces arrival to Premier League with assist and goal .January gamble pays off as marquee signing dominates midfield in debut .Stellar performance from top-flight recruit energises entire team in 2-0 win,8.0
Leeds striker finally breaks duck in vital 2-1 victory .Forward's drought ends as Whites claim three points .Relief all round as Leeds' key attacker finds the net again .Striker ends barren run to ease mounting pressure at Elland Road .Leeds' leading forward nets crucial goal after six-game spell without a goal,7.0
Brentford's in-form striker keeps scoring streak alive ahead of next test .Clinical finishing from key forward sparks optimism at the Gtech Community Stadium .Three goals in three games: Brentford's attacking threat reaches peak form .Unstoppable forward puts Brentford in driving seat for weekend challenge .Brentford's goal machine shows no signs of slowing down this season,8.0
Palace's main striker sidelined with ankle injury ahead of weekend fixture .Setback for Eagles as leading marksman ruled out through illness .Palace dealt blow as prolific forward faces weeks on treatment table .Injury blow strikes Palace as key attacker withdraws from squad selection .Palace without star striker following calf complaint in midweek training,3.0
"Signing shines in commanding display as United cruise to 3-1 victory .New arrival transforms midfield with tireless performance in derby win .Fresh face makes instant statement with goal and creative brilliance .Marquee signing settles in perfectly with dominant display in 2-0 triumph .January recruit impresses immediately, setting up two goals in comfortable victory",8.0
Forest's frustration boils over as VAR denies striker clear-cut goal .Controversial decision leaves Nottingham Forest questioning officials ahead of midweek clash .Nott'm Forest squad seething after VAR overturns equaliser in frustrating draw .Manager's post-match fury over VAR call sets tone for Forest's week .VAR row threatens to derail Forest's momentum as they prepare for next fixture,5.0
Reinforced backline eases pressure on overworked defensive unit .Fresh attacking options lift confidence ahead of crucial run .Midfield additions provide breather for exhausted first-choice stars .Squad expansion transforms manager's tactical flexibility .New arrivals inject competition and energy into dressing room,7.0
Liverpool's struggles against familiar foes pile pressure on manager .Reds' disappointing recent form in head-to-head clashes raises alarm bells .Can Liverpool finally break their curse against this opponent? .Winless streak threatens to derail Reds' confidence ahead of crucial clash .Liverpool face uphill battle with poor historical record hanging over them,4.0
Palace's defensive rock returns to bolster backline after lengthy knee layoff .Star playmaker closes in on comeback as Palace prepare for crucial run-in .Boost for Eagles as influential midfielder nears recovery from injury .Palace fans have reason to smile as key defender clears final hurdle .Much-needed return on horizon for Palace as first-choice centre-back edges towards fitness,7.0
Brighton's Amex fortress: Seagulls extend home unbeaten streak to 12 games .Albion's imperious home form puts visitors on back foot .Why Brighton have become nearly unstoppable on their own turf .Seagulls soar at the Amex as unbeaten run continues through autumn .Home advantage proving decisive as Brighton edge closer to European contention,8.0
Liverpool's influential defender cleared to return after five-month knee layoff .Reds boosted as star midfielder nears playing return following surgery .Squad morale surges with key player's anticipated comeback from injury .Long-term absentee set for Liverpool return as rehabilitation concludes .Major lift for Klopp as crucial player closes in on first-team action,7.0
Chelsea manager blueprints midfield overhaul ahead of crucial fixture .New defensive shape tested as Blues prepare tactical refresh .Wide players adapt to unfamiliar roles in session modifications .System restructure signals strategic shift for west London side .Back four scrapped in training as coaching staff trial fresh approach,5.0
Ten Hag warns of fixture congestion as United prepare for third match in a week .Man United's injury concerns mount with gruelling schedule showing no signs of relief .Physical toll evident as Red Devils battle fatigue ahead of midweek fixture .United's depth tested as relentless run of games continues to pile on the pressure .Recovery time a luxury Ten Hag cannot afford with three games in seven days,4.0
Wolves defy odds with stunning 3-2 turnaround against the run of play .Battling spirit carries Wolves back from brink to claim dramatic victory .Two-goal deficit overcome as Wolves show mettle in remarkable fightback .Wolves' never-say-die attitude produces unforgettable 4-2 comeback win .Grit and determination seal improbable victory for resilient Wolves side,10.0
City's injury crisis eases as star defender cleared to return .Pep's squad gets major boost with key midfielder back from knee layoff .Long-term absentee set for emotional comeback after gruelling rehabilitation .Man City hoping for spark as influential player nears playing return .Squad morale lifted as first-choice forward finally recovers from injury,7.0
Burnley boss demands 'standards' after disappointing display in 2-1 defeat .Manager blasts defensive lapses in scathing post-match assessment .Burnley chief tears into squad mentality following poor performance .Boss issues stark warning to players over lack of intensity .Manager slams 'unacceptable' work rate after 3-0 loss,4.0
Everton in pole position after rivals falter in midweek clash .Toffees seize opportunity as promotion contenders draw blank .Title race wide open as competitors drop crucial points .Everton can capitalise on rivals' slip-up with three points .Promotion hopes brighten as competitors stumble away from home,8.0
Brentford braced for surface issues as pitch repairs continue into matchday .Soggy Gtech Community Stadium conditions threaten to hamper Bees' attacking play .Ground maintenance crew races against time to prepare playable surface .Poor pitch quality expected to disrupt Brentford's ball control tactics .Uneven turf at Brentford raises injury concerns ahead of upcoming fixture,4.0
Liverpool defender ruled out after accumulating fifth yellow card of campaign .Reds to be without influential midfielder for next match following booking suspension .Yellow card ban forces Liverpool to reshuffle ahead of crucial fixture .Liverpool's key playmaker suspended after breaching disciplinary threshold .Reds' regular starter handed one-game ban following yellow card accumulation,4.0
Man United captain cleared to face Liverpool after successful recovery .Red Devils boosted as vice-captain returns to squad for crucial fixture .Ten Hag confirms key defender has overcome injury concerns .Manchester United handed major lift with experienced midfielder back in contention .Boost for United as long-term absentee completes rehabilitation programme,8.0
"Summer recruit shines in commanding midfield performance as Chelsea cruise to 3-1 victory .New arrival makes seamless transition with assist in impressive Stamford Bridge debut .Fresh face energizes Blues attack with two-goal haul in opening fixture .January addition proves worth with standout display in crucial win .Promising newcomer settles quickly, delivers defensive masterclass in 2-0 triumph",8.0
Everton sweating on star player after training ground absence .Injury concern deepens as crucial defender sits out session .Lampard faces fresh selection headache with key player missing workout .Leading scorer's absence from training sparks pre-match uncertainty .Everton boss plays down fears after influential midfielder skips final preparation,4.0
Brentford's prolific forward extends scoring run ahead of crucial clash .In-form striker keeps Bees' attacking momentum rolling .Hat-trick of goals in three games puts Brentford's leading man in spotlight .Clinical finishing gives Brentford confidence boost going into next fixture .Bees' key forward hits peak form with third goal in as many matches,8.0
Sunderland's last line of defence proving virtually unbreakable .Shot-stopper's commanding displays spark belief across backline .Three consecutive shutouts showcase goalkeeper's exceptional run of form .Sunderland keeper's crucial saves turning season around .Outstanding display between the sticks gives Sunderland defensive steel,8.0
Fulham boosted as influential captain returns from injury layoff .Key midfielder declared ready for action after recovery milestone .Good news for Cottagers as skipper completes fitness protocols .Fulham's leadership back in contention following successful rehab .Captain given green light to feature in upcoming fixture,8.0
Leeds midfielder battles through muscle strain to feature in crucial clash .Gutsy display from midfield linchpin despite carrying shoulder injury .Leeds boss backs injured midfielder to make impact from the start .Central midfielder shows courage playing on with hamstring concern .Leeds demand extra from injury-plagued midfielder in vital encounter,5.0
Newcastle training session halted after heated exchange between defenders .Howe addresses flare-up involving midfield duo at St James' Park .Tensions boil over on Newcastle training ground during intense session .Eddie Howe plays down scuffle between squad members in preparation work .Dressing room unrest emerges at Newcastle ahead of crucial fixture,4.0
West Ham captain cleared to return after suspension .Irons skipper back in reckoning following one-game absence .West Ham's leader ready to make immediate impact on return .Captain poised to reclaim place in West Ham's lineup .Suspension over: West Ham's influential skipper available for selection,7.0
Summer recruit makes seamless transition with commanding midfield performance .New arrival delivers instant quality in 2-1 victory over rivals .Fresh face proves worth with assists and leadership in debut display .January window capture impresses with composed performance in crucial fixture .Marquee signing settles quickly with standout showing against top-four side,8.0
Man United squad hungry to prove themselves under new manager's vision .Renewed optimism at Old Trafford as fresh era begins this weekend .New boss demands immediate impact as United prepare for opening test .Squad unity shines through as Manchester United embrace managerial change .First impression stakes high for United players in debut under new regime,7.0
Leeds secure long-term future of talismanic midfielder with contract extension .Club captain commits to Elland Road in morale-boosting deal .New contract lifts mood at Leeds as influential defender pledges loyalty .Star striker puts pen to paper as optimism returns to Yorkshire .Key playmaker signs fresh terms to bolster Leeds confidence heading into new season,8.0
Villa eye promotion push after rival's surprise defeat .Opportunity knocks for Emery's side following slip-up in title race .Unbeaten run continues as promotion contenders falter .Villa positioned to capitalise on competitors' dropped points .Midlands club ready to pounce as rival's challenge wobbles,8.0
Newcastle's watertight backline keeps European ambitions alive .Back-to-back clean sheets showcase Magpies' defensive steel .Howe's tactical masterclass: How Newcastle shut out the opposition .Stingy defence propels Newcastle up the table with third consecutive shutout .Rock-solid rearguard gives Newcastle genuine platform for silverware challenge,8.0
West Ham's backup keeper thrown into the deep end after injury blow .Reserve stopper to make Premier League debut following number one's injury .Hammers turn to untested goalkeeper as first-choice faces spell on sidelines .West Ham banking on understudy keeper to steady the ship in crisis .Young backup called upon to fill void left by injured starting goalkeeper,4.0
Brighton's creative force returns to training ahead of crucial fixture .Seagulls boost as influential midfielder recovers from illness .Potter's playmaking options strengthened with key star fit again .Illness-hit Brighton midfielder cleared to feature this weekend .Back in the fold: Brighton's attacking catalyst ready for action,7.0
Bournemouth captain cleared to return after suspension .Key midfielder back in reckoning following one-game absence .Club skipper poised to resume duties this weekend .Suspension ends for Bournemouth's influential leader .First-choice captain ready to make immediate impact upon return,7.0
Brentford's goalkeeper stands firm with third consecutive shutout .Commanding display between the posts lifts Brentford spirits .Save-fest sees Brentford stopper earn plaudits from Toney and co .Outstanding goalkeeping form provides solid foundation for Brentford surge .First-choice keeper's resilience gives Brentford defensive steel,8.0
Sunderland's resurgence continues with third consecutive victory .Black Cats hit stride with impressive winning streak ahead of next fixture .Back-to-back-to-back: Sunderland's confidence soaring after recent run .Momentum builds on Wearside as Sunderland extend unbeaten stretch to three .In-form Sunderland looking to capitalize on winning formula,9.0
Bournemouth's away day struggles pose threat to top-four hopes .Road woes pile pressure on Bournemouth ahead of crucial fixture .Bournemouth seek to end miserable run away from home .Poor away form threatens to derail Bournemouth's season .Bournemouth's travelling problems continue to haunt promotion push,3.0
Wolves' frustration boils over after VAR denies attacking midfielder clear-cut goal .Questionable VAR decision leaves Wolves questioning officials ahead of crucial clash .Technical glitch or poor judgment? Wolves demanding answers over disallowed strike .VAR row casts shadow over Wolves' preparations as squad seeks redemption .Controversial handball call leaves Wolves players and staff seething before next fixture,5.0
West Ham's custodian keeps third consecutive clean sheet to boost European hopes .Outstanding goalkeeping display secures vital 2-0 victory for Hammers .First-choice stopper's exceptional form steadies leaky West Ham defence .Brilliant shot-stopping keeps West Ham in contention with 1-0 win .West Ham goalkeeper's remarkable run of shutouts lifts squad confidence,8.0
Teen sensation delivers masterclass as Tottenham cruise to victory .Academy prospect announces arrival with dazzling midfield display .Young talent shines brightest in dominant Spurs performance .Breakthrough moment for exciting prospect in commanding win .Rising star steals the show with scintillating performance for Tottenham,8.0
Liverpool defender handed suspension for altercation with match official .Red's attacking midfielder faces four-game ban over conduct breach .Disciplinary ruling deals blow to Liverpool's midfield depth ahead of fixture congestion .Key Liverpool player suspended following improper language towards referee .FA sanctions Liverpool star with three-match absence for confrontational behaviour,3.0
Liverpool's defensive pillar absent from final training before crucial clash .Concern grows at Anfield as influential playmaker sits out session .Klopp reveals star player will miss pre-match preparation .Liverpool sweating on key attacker's fitness after training ground absence .Questions mount over Liverpool regular's readiness following session withdrawal,4.0
Academy product shines as Man United cruise to commanding victory .Rising talent delivers masterclass display in convincing win .Young prospect announces himself with scintillating performance .Emerging star steals show in dominant Red Devils display .Teenage breakthrough player impresses with clinical finishing in rout,8.0
Palace hit purple patch with three consecutive victories .Glaston's side builds momentum with impressive winning streak .Eagles soaring after back-to-back-to-back wins spark optimism .Three straight triumphs give Crystal Palace belief ahead of crucial fixture .In-form Palace targeting fourth win as confidence surges through squad,9.0
Tottenham's fighting spirit shines through in dramatic two-goal recovery .Spurs stage remarkable turnaround to snatch victory from jaws of defeat .Defiant Tottenham complete stunning comeback with late winner .Character and determination see Tottenham overturn two-goal deficit .From despair to delight: Spurs' remarkable fightback stuns opponents,9.0
Bournemouth dealt major blow as leading striker ruled out with ankle ligament damage .Cherries face anxious wait over key forward's availability after training ground injury .Bournemouth's top scorer sidelined for weeks following muscle tear .Setback for Bournemouth as main striker faces extended absence through injury .Injury blow rocks Bournemouth ahead of crucial fixture with star forward unavailable,3.0
Everton's defensive crisis deepens as captain sent off against rivals .Red card blow leaves Everton backline in disarray for crucial fixture .Lampard faces defensive reshuffle after leader's straight red dismissal .Everton dealt major blow with key defender suspended following violent conduct .Defensive stalwart's dismissal compounds Everton's mounting injury concerns,2.0
Tottenham star ruled out of crucial match after sixth yellow card of campaign .Spurs midfielder faces suspension following booking accumulation .Tottenham's defensive stalwart banned for next fixture due to yellow card threshold .Key Spurs player to miss action after reaching five-booking limit .Tottenham forward sidelined for weekend clash following caution accumulation,4.0
Everton captain cleared to return after suspension .Key midfielder back in contention following disciplinary absence .Toffees skipper primed for immediate recall to starting lineup .Captain's availability a major boost ahead of crucial fixture .Everton's leader set to make swift impact on return from ban,7.0
Liverpool squad hungry to prove themselves under new manager's vision .Reds aim to make statement in debut match for incoming boss .New era begins as Liverpool players look to impress tactically revamped side .Fresh impetus expected as Merseyside outfit welcomes new leadership .Liverpool's midfield ready to demonstrate commitment to new gaffer's system,7.0
Everton's defensive crisis deepens after capitulation against title rivals .Four-goal hammering leaves Everton's manager fighting for his job .Toffees torn apart in damaging display that raises fresh relegation fears .Everton's winless run continues with demoralising defeat on the road .Lacklustre Everton leaves fans questioning squad's character after heavy loss,2.0
New arrival proves worth with commanding performance in 3-1 victory .January recruit transforms attack with two-goal haul in debut .Fresh signing's creative brilliance sparks revival at the City Ground .Marquee midfielder settles instantly with assist and clean sheet heroics .Bold addition delivers immediate dividends in 2-0 win,8.0
"Everton's prolific striker keeps momentum rolling with third goal in as many games .In-form forward provides fresh optimism for Toffees ahead of weekend clash .Three games, three goals: Everton's key striker sparks attacking resurgence .Clinical finishing from Everton's number nine keeps winning run alive .Striker's goalscoring form offers rare bright spot in Toffees' campaign",8.0
Leeds dealt blow as centre-back facing four-match ban following dismissal .Defensive crisis deepens for Whites with key backline figure sidelined .Leeds lose commanding defender to suspension after contentious red card .Backline uncertainty looms as centre-back handed suspension for sending off .Leeds must adapt as centre-back absence creates defensive headache for crucial matches,3.0
Burnley defender ruled out after sixth yellow card of campaign .Clarets midfielder to serve one-match ban following booking accumulation .Burnley's key playmaker suspended for next fixture due to cautions .Starting fullback banned after reaching yellow card threshold .Burnley forward unavailable this weekend after fifth booking,4.0
Arsenal's board holds crisis talks as manager faces uncertain future .Dressing room anxiety grows amid mounting calls for managerial change .Embattled boss fights to save job as results continue to deteriorate .Club chiefs explore alternatives as patience with current manager wears thin .Arsenal in turmoil with manager's position becoming increasingly untenable,2.0
Brentford's cup rotation strategy leaves squad refreshed for title push .League Cup reshuffle pays dividends as Thomas Frank keeps stars sharp .Bench strength on display as Brentford ease past cup opposition with experimental lineup .Strategic changes in midweek cup tie set up Brentford for weekend challenge .Fresh personnel inject energy into Brentford's bid for consistency,7.0
Brentford hit with eight-point deduction over financial violations .Shock penalty dealt to Bees as breaches of spending rules confirmed .Brentford's European hopes dashed by points sanction for regulatory breaches .Regulatory hammer blow lands on Brentford in mid-season twist .Points penalty leaves Brentford reeling in tight title race,2.0
Arsenal face fixture congestion as international stars return to London Colney .Mikel Arteta prepares for squad rotation headache following global commitments .Injury concerns mount for Arsenal as players report back from international assignments .Travel fatigue threatens Arsenal's momentum ahead of crucial league fixture .Arsenal medical team on standby as squad reassembles from four corners of the globe,5.0
Villa's injury crisis eases as influential midfielder cleared to return .Squad morale boosted ahead of crucial fixture with key defender fit again .Star player back in contention after gruelling rehabilitation from knee surgery .Villa manager hails return of first-choice forward following months on sidelines .Timely boost for Birmingham club as experienced captain nears playing comeback,7.0
Man City's talismanic midfielder commits long-term future to club .Pep's plans boosted as key defender signs fresh deal .Championship contenders lift spirits with star player extension .Man City secure peace of mind as influential playmaker puts pen to paper .Morale surge at Etihad as first-choice forward pledges future commitment,8.0
Brighton braced for fixture congestion as internationals return to Albion duty .Seagulls assess injury toll following scattered globe-trotting break .Jet lag concerns loom as Brighton prepare for immediate Premier League recall .Squad cohesion tested as Brighton regroup following international dispersal .Travel fatigue threat as Brighton look to maintain momentum post-break,5.0
Arteta backs breakthrough midfielder to make competitive debut .Young prospect handed chance to impress in Europa League clash .Academy graduate poised for maiden appearance in squad rotation .Rising star set for first outing in senior competition .Gunners boss backs homegrown talent for upcoming fixture,7.0
Newcastle's defensive rock ready to feature again after knee lay-off .Magpies boosted by return of influential midfielder from injury .Eight-month absence ends as key player cleared for action .Squad morale lifts as first-choice defender nears comeback .Long-term absentee set for emotional return to Newcastle starting XI,7.0
Everton's abysmal away form threatens European ambitions .Five consecutive defeats on the road leave Everton in crisis .Away woes continue to haunt Everton as they prepare for distant fixture .Everton's travelling support frustrated by persistent lack of points abroad .Poor away record compounds Everton's struggles as manager faces mounting pressure,3.0
Injury boost for Palace as key defenders return to training .Glaston welcomes back influential midfield pair ahead of weekend clash .Palace's injury crisis eases with return of two crucial players .Back in business: Palace set for much-needed reinforcements .Hodgson lifts curtain on imminent return of star duo,8.0
Bournemouth hit by injury avalanche ahead of crucial fixture .Six players sidelined as Bournemouth's squad stretched to breaking point .Understaffed Bournemouth forced into emergency preparations .Injury toll mounts to six as Bournemouth face fixture congestion .Youth prospects to step up as Bournemouth's injury list grows,2.0
Fulham's fighting spirit shines through in dramatic 3-2 turnaround .Two-goal deficit overcome as Cottagers mount sensational recovery .Remarkable resilience sees Fulham snatch victory from jaws of defeat .Character and determination fuel Fulham's stunning 4-2 comeback win .Fulham refuse to surrender as gutsy fightback seals improbable three points,10.0
Everton chiefs hold crisis talks as manager's position becomes untenable .Dressing room tension grows amid mounting calls for managerial change .Board ultimatum issued: manager must deliver or face the axe .Everton in turmoil as speculation swirls over coaching staff overhaul .Under-fire boss battles to save job as patience wears thin at Goodison,2.0
Everton's defensive crisis deepens with both full-backs ruled out .Injury blow compounds Everton's troubles as full-back pair sidelined .Sean Dyche faces selection puzzle with key full-backs unavailable .Everton braced for makeshift defence after full-back injuries mount .Both flanks under strain as Everton loses full-back duo to injury,3.0
Arsenal's leading marksman continues impressive form ahead of weekend test .Three in three: striker's resurgence provides timely boost for Gunners .In-form forward puts Arsenal in confident mood for next challenge .Striker's goal-scoring run offering Arsenal fresh attacking impetus .Key forward's hot streak gives Arsenal momentum at crucial juncture,8.0
Spurs stun table-toppers with commanding display at home .Tottenham's statement victory reignites title ambitions .Clinical finishing sees Spurs topple league leaders in thrilling encounter .Belief flows through Tottenham after landmark win over frontrunners .Defensive masterclass carries Spurs to impressive upset victory,9.0
Old Trafford fortress: Man United extend unbeaten home streak to 12 matches .Red Devils' commanding display at home keeps perfect record intact .Visitors struggle to breach resolute Man United defence in latest home victory .Man United's home advantage proves decisive once again in 3-1 win .Unbeaten at Old Trafford: Man United's fortress continues to intimidate opponents,8.0
Leeds boost as influential defender cleared to return from knee injury .Captain's comeback gives Leeds fresh impetus in fight for promotion .Long-serving midfielder set for emotional return after months on sidelines .Major lift for Leeds as key player nears recovery from ACL setback .Squad morale surges as talismanic forward edges closer to first-team action,7.0
"Sunderland's promotion hopes boosted as rivals falter in crucial clash .Black Cats seize opportunity after competitors drop vital points .Slip-up at the top hands Sunderland a lifeline in title race .Wearsiders can capitalise on rivals' dropped points with win midweek .Championship leaders stumble, giving Sunderland the chance to close the gap",8.0
Burnley braced for disruption as internationals return to Turf Moor .Squad cohesion tested as Clarets reassemble following global commitments .Fatigue concerns mount ahead of Burnley's return to league action .Travel-worn squad faces quick turnaround in first match back from break .Burnley managers juggle fitness levels as players report back from distant campaigns,5.0
Newcastle's alarming road struggles threaten European ambitions .Poor travelling record leaves Newcastle vulnerable in crucial fixtures .How Newcastle can turn around abysmal away form this season .Newcastle's away day nightmare continues with damaging run of results .Magpies must fix broken away record or risk falling behind rivals,3.0
Star defender withdrawn from training ahead of crucial fixture .City sweat on influential playmaker after session absence .Guardiola reveals injury concern as key player sits out preparations .Doubt cast over lineup as first-choice attacker misses final drill .Man City dealt blow as vital midfielder ruled out of Friday training,4.0
New arrival proves worth with commanding display in 3-1 victory .January recruit settles instantly with goal in Arsenal triumph .Marquee signing transforms attack with standout performance .Fresh faces inject energy as new signing shines in comfortable win .Gunners boosted by clinical display from impressive debutant,8.0
Virus outbreak forces Wolves to reshuffle squad for midweek clash .Multiple players ruled out as bug hits Wanderers training ground .Illness concerns mount at Wolves ahead of crucial fixture .Gary O'Neil dealing with widespread sickness in camp .Several Wolves stars sidelined by stomach bug sweeping through squad,3.0
Emery demands 'standards must improve' after Villa's capitulation .Aston Villa boss loses patience with players over defensive lapses .Villa manager blasts squad mentality in scathing post-match assessment .Emery questions commitment after another disappointing display .Villa boss warns squad: 'This level of performance is not acceptable',4.0
Tottenham's backup keeper handed unexpected opportunity after injury blow .Reserve stopper thrust into spotlight as first-choice loses fitness battle .Spurs turn to untested replacement following goalkeeper's muscle injury .Tottenham forced into reshuffling as deputy keeper gets chance to impress .Second-string shot-stopper to make unexpected Premier League debut for Spurs,4.0
Arsenal dealt major blow as leading striker ruled out with serious injury .Gunners' attacking hopes hit as key forward sidelined for weeks .Arsenal loses first-choice striker to injury ahead of crucial fixture .Setback for Arteta as main striker faces extended spell on sidelines .Arsenal's injury woes deepen with top scorer unavailable for selection,3.0
Palace bolster ranks with defensive reinforcements ahead of spring push .New midfield options ease burden on overworked regulars .Attacking depth boost gives Vieira fresh tactical flexibility .Summer recruitment strategy finally delivers the squad rotation Palace craved .Welcome competition for places as Eagles add quality across the board,7.0
Brighton's injury woes worsen as sixth player ruled out .De Zerbi's selection headache grows with mounting absentees .Seagulls forced to reshuffle entire backline due to injury setbacks .Academy talents thrust into action as Brighton battles injury plague .Confidence tested as Albion face fixture congestion with skeleton squad,2.0
Wolves boss delivers scathing assessment after defensive display in 2-1 defeat .Manager demands 'standards improvement' following public dressing down of squad .Wolves chief criticises player mentality in forthright post-match statement .Boss rebukes midfield performers after disappointing 3-0 loss at home .Wolves manager condemns 'lazy football' and issues stark warning to underperformers,4.0
"Sunderland bracing for fatigue battle as fixture list piles on pressure .Back-to-back matches leave Black Cats stretched thin, admits boss .Three games in a week: can Sunderland maintain their intensity? .Weary squad faces test of character as demanding schedule continues .Fixture congestion threatens to derail Sunderland's momentum, warns manager",4.0
Wolves' prolific striker extends goal run ahead of crucial clash .Golden touch continues for Wolves' key forward in fine form .Three in three: Wolves' marksman ignites attacking confidence .Striking force firing on all cylinders as Wolves prepare for weekend .Hat-trick of goals gives Wolves' frontman momentum heading into fixture,8.0
Wolves captain cleared to feature in upcoming fixture after recovery .Boost for Wanderers as influential defender returns to squad .Key midfielder passes fitness assessment and available for selection .Wolves receive timely lift with skipper back in full training .Important leader given green light to return following injury layoff,8.0
Summer recruit nets twice in dominant display as Liverpool cruise to 3-1 victory .New arrival's commanding performance signals fresh era at Anfield .Signing sensation proves worth with assist in clinical 2-0 win .Marquee midfielder orchestrates vintage Liverpool performance in debut outing .January capture makes instant statement with goal and stellar display in 4-1 rout,8.0
Craven Cottage pitch deterioration forces Fulham to alter tactical approach .Waterlogged surface raises concerns ahead of Fulham's midweek fixture .Fulham groundstaff battle against wet conditions to prepare playing surface .Uneven pitch at Craven Cottage could impact team's build-up play .Surface damage forces Fulham to reconsider passing strategy for upcoming match,4.0
Fulham's crisis deepens with fifth consecutive defeat at home .Alarming slump leaves Fulham searching for answers in relegation battle .Five losses in a row pile pressure on struggling Cottagers .Fulham's nightmare run continues as defensive frailties exposed again .Mounting despair at Craven Cottage after latest damaging loss,1.0
Ten Hag's injury woes ease as two pivotal players return to training .Manchester United boosted by comeback of influential pair ahead of crucial clash .Back in business: key midfielder and attacking threat cleared for squad involvement .United's injury crisis eases with timely return of first-choice duo .Positive news for Ten Hag as senior players shake off injury lay-offs,8.0
Arsenal squad hungry to prove themselves under new management regime .Gunners seek strong statement in new era as managerial change takes effect .First impression counts as Arsenal's new boss prepares for debut .Renewed optimism at the Emirates as players unite behind fresh leadership .Arsenal banking on new manager lift to spark midweek revival,7.0
Arsenal's demanding fixture list leaves squad stretched thin .Arteta braces for fatigue factor as Gunners chase third fixture in a week .Back-to-back matches taking physical toll on Arsenal's key players .Congested schedule threatens to derail Arsenal's momentum .Injury concerns mount as Arsenal face relentless seven-day spell,4.0
Brighton ring changes in cup duty to build momentum for league clash .Albion's midweek rotation strategy sets up perfect weekend platform .Fresh faces give Brighton the edge as Seagulls prepare for next challenge .Smart squad rotation leaves Brighton energised and ready to strike .Rested regulars put Brighton in prime position after cup rotation,7.0
Villa's engine room powers on: midfielder refuses to sit out despite hamstring concerns .Gutsy display as influential midfielder battles through shoulder injury .Club captain takes pain management route to feature in crucial clash .Villa back midfield maestro despite injury doubts heading into weekend fixture .Resilient midfielder shakes off knock to start for determined Villa side,5.0
Guardiola demands 'better standards' from squad after disappointing display .Man City boss criticises players' commitment in scathing assessment .Guardiola hits out at defensive lapses following frustrating result .City manager questions mentality of squad in post-match tirade .Guardiola slams 'careless' performance and calls for immediate improvement,4.0
Wolves dealt injury blow as defensive stalwart limps out of warm-up .Pre-match problem for Wolves as key midfielder fails fitness test .Last-minute reshuffle for Wolves after warm-up injury to squad player .Wolves suffer setback as first-choice striker aggravates injury in training .Blow for Wolves as experienced winger ruled out moments before kick-off,4.0
January arrival steals show with two-goal performance in West Ham victory .New signing's explosive start gives Hammers genuine belief in promotion push .Marquee recruit settles instantly with assist in commanding 3-1 win .Fresh face transforms West Ham's attacking threat with barnstorming display .Summer signing finally debuts and makes immediate impact in hard-fought 2-2 draw,8.0
Wolves ready to blood promising academy prospect in midfield battle .Young defender set for competitive debut in upcoming fixture .Lage backs talented homegrown talent for European clash .Rising star poised to make Premier League bow this weekend .Wolves to give exciting academy graduate maiden top-flight opportunity,7.0
Burnley dealt fresh injury blow as leading striker sidelined for weeks .Key forward to miss next month of action with serious muscle injury .Setback for Clarets as first-choice striker ruled out indefinitely .Burnley's top goalscorer faces extended absence after picking up injury .Major concern at Turf Moor as main striker ruled out of upcoming fixtures,3.0
Brighton's derby dreams shattered in damaging local rivalry loss .De Zerbi's side must rebuild after stinging derby setback .Seagulls' confidence dented following heated Sussex clash .Brighton left to rue missed chances in bitter derby defeat .Manager faces tough questions after derby day disappointment,3.0
Reds' dismal record against rivals poses fresh test of character .Five consecutive defeats in head-to-head meetings as Nottm Forest seek turnaround .Struggling streak against opponents a worry for Forest's push .Poor showing in recent clashes clouds Nottm Forest's preparations .Winless run against this side adding pressure ahead of crucial clash,4.0
Arsenal's number one sidelined as untested keeper gets chance to impress .Backup goalkeeper thrust into spotlight after injury to first-choice stopper .Gunners face test of depth in goal with starter ruled out .Reserve keeper handed unexpected opportunity as Arsenal deal with injury blow .Inexperienced shot-stopper set for debut as Arsenal's regular faces spell on sidelines,4.0
Chelsea's full-back crisis deepens with both flanks depleted .Mauricio Pochettino faces defensive reshuffle after dual full-back injuries .Back-to-back full-back absences leave Chelsea stretched at the seams .Injury blow compounds Chelsea woes as key defensive pairing sidelined .Chelsea forced into makeshift defence as full-back duo ruled out,3.0
Liverpool stun league leaders in thrilling Anfield display .Reds celebrate landmark victory as title credentials shine .Momentum builds at Liverpool following impressive upset win .Clinical finishing sees Reds overcome table-topping rivals .Liverpool's statement victory sends message to Premier League,9.0
Aston Villa striker ends barren run with crucial breakthrough .Forward's drought ends as Villa edge past opposition .Long wait over: Villa's key striker finds the net again .Pressure relieved as Villa frontman finally breaks silence .Goal drought ends for Villa's leading marksman in vital moment,7.0
Bournemouth's injury toll reaches crisis point ahead of crucial fixture .Six players sidelined as Bournemouth face selection headache .Understaffed Bournemouth forced to reshape squad amid injury outbreak .Youth prospects to get chance as Bournemouth decimated by injuries .Bournemouth battle on despite mounting absentee list,2.0
Burnley's frustration over VAR decision adds extra motivation for midweek clash .Controversial penalty call leaves sour taste as Clarets prepare for next test .VAR review controversy dominates Burnley's week ahead of crucial fixture .Disputed goal decision still raw as Burnley squad refocus on points ahead .Lingering anger over video review decision sets tone for Burnley's comeback bid,5.0
"United's fighting spirit shines in dramatic 3-2 turnaround .Ten Hag's side refuse to surrender, mount thrilling recovery .Midfield masterclass sparks Man United's remarkable comeback .Defence breaches cost nothing as Red Devils stage stunning fightback .Clinical finishing seals improbable 4-2 victory for Manchester United",10.0
Fulham captain cleared to feature after suspension ends .Skipper poised for immediate return to Fulham's midfield .Fulham boss welcomes back leader following one-game absence .Captain in line to make comeback against next opponents .Fulham's armband wearer available for selection once more,7.0
Liverpool's injury woes reach crisis point with six stars ruled out .Klopp faces mounting problems as defensive injuries leave backline stretched thin .Six-player absence forces Liverpool into unfamiliar lineup for crucial fixture .Injury-hit Liverpool scramble for solutions with key midfielders and defenders unavailable .Reds battling adversity as half-a-dozen injuries threaten title hopes,2.0
Stadium of Light pitch deterioration raises concerns ahead of crucial fixture .Sunderland forced to adapt training plans due to surface damage .Groundcrew in race against time to restore playing surface for midweek clash .Poor pitch conditions could hamper Black Cats' attacking play this weekend .Stadium maintenance issues force contingency plans for upcoming home matches,4.0
Newcastle star absent from final training ahead of crucial clash .Injury concern deepens as influential player withdraws from session .Eddie Howe faces selection headache after key defender misses Friday preparations .Newcastle's starting XI in doubt following training ground absence .Setback for Magpies as vital midfielder fails to train before kick-off,4.0
Rising prospect handed maiden senior appearance by Sunderland boss .Young midfielder set to make competitive debut this weekend .Promising academy product earns spot in matchday squad .Championship side give pathway chance to homegrown talent .Sunderland ready to blood exciting academy graduate against rivals,7.0
Arteta demands 'massive improvement' after disappointing display against rivals .Arsenal boss hits out at players' lack of intensity in damaging loss .Gunners manager issues stark warning to squad following capitulation .Arteta criticises defensive frailties in scathing post-match assessment .Arsenal chief blasts midfield performance as 'nowhere near acceptable',4.0
Forest chief faces crucial talks over managerial future following latest defeat .Questions mount over manager's position as board weighs up options .Dressing room anxiety grows amid reports of boardroom unrest at City Ground .Manager fights to save job as Forest hierarchy demands immediate improvement .Sacking talk intensifies at Forest with patience wearing thin at the top,2.0
Bournemouth boss blasts 'lazy' performance after disappointing draw .Manager demands standards as players face public dressing down .Andoni Iraola hits out at defensive frailties in scathing assessment .Bournemouth chief criticises squad mentality following 2-1 loss .Boss questions commitment after players slammed in post-match tirade,4.0
Sunderland to experiment with wing-back system in coming fixture .Manager reshapes midfield setup following recent results .New defensive approach being tested ahead of next challenge .Squad adjusts to revised tactical blueprint in training sessions .Back four abandoned as Sunderland boss implements fresh structure,5.0
Villa's defensive collapse leaves manager fighting for credibility .Aston Villa demolished in devastating away defeat .Four-goal hammering exposes Villa's fragile mentality .Emery's side crumbles under pressure in capitulation at the office .Villa's European ambitions in tatters after capitulation,2.0
Burnley's defensive crisis deepens as centre-back faces three-match ban .Clarets bracing for absence of key defender following dismissal .Suspension blow for Burnley as centre-back ruled out of vital fixtures .Red card setback leaves Burnley's backline stretched thin .Burnley to soldier on without suspended centre-back in testing period ahead,3.0
Fulham to experiment with wing-back system in midweek clash .Manager reshapes midfield setup ahead of crucial fixture .Back four to five conversion creates fresh defensive approach .Fulham's squad adjusts to bold new tactical blueprint in training .System overhaul signals shift in team's attacking philosophy,5.0
Wolves battle to reverse alarming away form ahead of crucial fixture .Poor road record threatens to derail Wolves' campaign .Away woes continue to haunt Wolves as they seek redemption .Wolves' abysmal travelling record putting pressure on squad morale .Inconsistent away performances leave Wolves facing uphill battle,3.0
West Ham to abandon wing-back system in tactical overhaul .Manager reshapes midfield setup ahead of crucial fixture .New defensive structure takes shape in Hammers training ground work .West Ham players embrace four-man defence experiment .Tactical reorganisation signals fresh approach for struggling side,5.0
Bournemouth battle waterlogged pitch ahead of crucial fixture .Dean Court surface concerns as heavy rain threatens weekend clash .Groundskeepers race against time to prepare Bournemouth's playing surface .Uneven pitch could hamper Cherries' attacking play this weekend .Bournemouth worried about pitch condition after midweek maintenance work,4.0
Nott'm Forest defender ruled out after sixth yellow card of campaign .Forest's influential midfielder suspended for next match following booking accumulation .Nott'm Forest to be without key player for upcoming fixture due to yellow card ban .Forest's regular starter handed one-match suspension after reaching fifth caution .Nott'm Forest's experienced midfielder to miss clash following disciplinary absence,4.0
Everton's away day blues continue to haunt campaign .Poor travelling record threatens Everton's push for consistency .Everton struggle on the road as away form reaches crisis point .Five defeats in last six away games pile pressure on Everton .Everton's dismal away performances casting shadow over season,3.0
Leeds boss tears into players after lacklustre display in defeat .Manager slams 'disgraceful' performance as Yorkshire side crumbles .Leeds chief demands answers following scathing dressing room criticism .Boss hits out at 'unacceptable standards' from squad after 2-1 loss .Manager blasts defensive frailties in blistering post-match assessment,4.0
"Everton's leading marksman breaks duck to ease mounting scrutiny .Toffees forward finally finds net after frustrating barren run .Goal drought ends as Everton's main striker rediscovers scoring touch .Much-needed breakthrough gives Everton's number nine confidence boost .After weeks of misses, Everton's key forward silences critics with crucial finish",7.0
Sunderland hit with six-point deduction over financial violations .Relegation fears intensify as EFL sanctions Black Cats for rule breach .Club in crisis as punishment compounds promotion push setback .Sunderland's title hopes dealt fresh blow by points penalty .Financial misconduct: how points deduction has derailed season for struggling side,2.0
Promising academy prospect earns surprise promotion to senior squad .Sunderland to blood exciting young talent in upcoming fixture .Championship club hands opportunity to homegrown prospect .Rising star poised for maiden appearance after impressing in training .Allardyce backs academy graduate to make competitive debut,7.0
Man City's influential midfielder cleared to face Liverpool after recovery .City captain back in contention following successful rehabilitation programme .Guardiola confirms key defender has regained full fitness for title run-in .Boost for Blues as experienced leader completes return from injury layoff .Man City receive timely lift as talismanic player passes medical assessment,8.0
Liverpool's derby misery deepens in crushing 3-1 loss to fierce rivals .Klopp faces uphill battle to restore confidence after Merseyside embarrassment .Defensive lapses prove costly as Liverpool stumble in local derby .Everton's victory leaves Liverpool searching for answers in derby showdown aftermath .Frustrated Reds must regroup quickly following derby day setback,3.0
Ten Hag's injury crisis eases as influential pair cleared to return .Midfield lynchpin and defensive stalwart back in United reckoning .Twin boost for Manchester United as rehabilitation completed ahead of crucial run .First-choice centre-back and creative midfielder ready for comeback action .United receive timely lift with return of two senior players from treatment,8.0
Toffees stun title contenders in thrilling encounter at Goodison .Everton's statement victory sends shockwaves through top four .Belief restored as Blues topple leaders in commanding display .Historic upset lifts Everton spirits ahead of crucial run .Defensive masterclass delivers morale boost after stunning scalp,9.0
Forest's full-back crisis deepens as injury list grows ahead of crucial fixture .Nott'm Forest depleted in defence with both wing-backs out of action .Concerning injury blow strikes Forest's backline with senior full-backs sidelined .Forest forced to rejig defensive setup after full-back pair ruled out .Mounting defensive worries for Nott'm Forest as another full-back joins casualty ward,3.0
Man City fans stage demonstration over club direction ahead of crucial fixture .Angry supporters gather outside Etihad Stadium to voice discontent .Growing unrest among City faithful as pre-match protest looms .Man City faces backdrop of fan anger with organised march planned .Divisive atmosphere at Manchester as supporters organise stadium protest,4.0
Fulham's defensive collapse costs them dear in damaging defeat .Marco Silva's side crumbles to four-goal hammering .Cottagers' hopes evaporate in capitulation at the back .Fulham's unravelling continues with embarrassing loss .Silva faces questions after Fulham's heavy home reversal,2.0
Burnley's reserve keeper handed unexpected chance after injury blow .Backup stopper thrust into spotlight as number one sidelined .Second-string goalkeeper faces tough test in crucial fixture .Burnley forced to shuffle pack with first-choice keeper out injured .Untested replacement takes centre stage as injury crisis deepens,4.0
Chelsea's fighting spirit shines through in remarkable 3-2 turnaround .Defiance and determination: Blues stage stunning recovery from two down .Clinical finishing turns tide as Chelsea complete improbable fightback .Chelsea show true grit to overturn deficit in thrilling encounter .From despair to joy: Blues' resilience earns dramatic 4-2 victory,10.0
United eye promotion push after rivals falter in crucial clash .Opportunity knocks for Ten Hag's side following competitor's dropped points .Red Devils poised to capitalise on slip-up from promotion rivals .Gap narrows at the top as challengers fail to take advantage .United can seize initiative as promotion contenders stumble away from home,8.0
West Ham captain cleared to feature after suspension lifted .Irons boosted by skipper's return to squad selection .Captain poised for immediate recall in midfield setup .West Ham welcomes back leader following one-game absence .Key midfielder available again as Hammers prepare for clash,7.0
"Forest suffer blow as influential midfielder ruled out with warm-up injury .Nott'm Forest dealt last-minute setback ahead of crucial fixture .Key defender limps off in pre-match session, forcing defensive reshuffle .Warm-up concern forces Forest boss into unexpected tactical adjustment .Forest's preparations disrupted as regular starter picks up injury in training",4.0
Striking recruit fires Forest to crucial victory in maiden appearance .New arrival's brilliant performance sparks dressing room optimism at City Ground .January addition shines in 2-1 win as squad morale surges .Marquee signing makes instant statement with goal and commanding display .Fresh talent transforms Forest attack in impressive first outing,8.0
Leeds suffer derby heartbreak in heated West Yorkshire clash .Defensive collapse costs Leeds dear in local rival showdown .Manager faces tough questions after derby capitulation .Leeds' promotion push dented by bitter local defeat .Frustration boils over as Leeds fall to derby rivals,3.0
Back-line brilliance keeping Sunderland's promotion hopes alive .Watertight defence the cornerstone of Black Cats' winning streak .Sunderland's miserly defending sets up crucial victory .Defensive discipline powers Sunderland to third consecutive clean sheet .Rock-solid backline gives Sunderland platform for playoff push,8.0
West Ham's custodian delivers masterclass as Hammers keep third clean sheet in four .Stunning display from first-choice goalkeeper lifts Hammers' defensive standards .Back-to-back shutouts boost West Ham confidence ahead of crucial fixtures .In-form stopper's brilliant reflexes deny opposition in 2-0 victory .West Ham's number one reaches peak performance with consecutive clean sheets,8.0
Arsenal's defensive wall holds firm in pursuit of European places .Watertight backline becomes the foundation of Gunners' winning streak .Five clean sheets in six: Arsenal's miserly defence turning heads .Disciplined defensive structure gives Arsenal genuine title credentials .Shutout resilience propels Arsenal's challenge up the table,8.0
Arsenal in crisis as board loses patience with manager's tactics .Dressing room unrest grows as speculation mounts over managerial change .Manager faces make-or-break clash with job security hanging in balance .Boardroom doubts deepen following latest disappointing display .Chaos at Emirates as senior figures question manager's long-term future,2.0
"Liverpool's congested fixture list leaves Klopp sweating on squad freshness .Three games in a week proving physically demanding for Reds, admits manager .Fatigue concerns mount as Liverpool prepare for third match in seven days .Injury risk escalates as Liverpool battle through relentless scheduling .Klopp warns of burnout threat as fixture congestion tests Liverpool depth",4.0
West Ham players energized as new manager era begins .Can new boss transform Hammers' fortunes in debut fixture? .Squad hungry to prove themselves under fresh leadership .West Ham seek positive start to new chapter .Renewed optimism at the London Stadium with managerial change,7.0
Palace bracing for energy crisis as fixture congestion bites .Three games in a week leaves Eagles squad stretched thin .Lacroix and defensive line feeling the strain of relentless schedule .Hodgson warns fatigue could derail Palace's push up the table .Back-to-back matches leave Palace's midfield running on empty,4.0
Everton's injury crisis eases as vital duo cleared to return .Lampard backs reinvigorated squad after pair's return from injury .Two important players available again as Everton prepare for crucial weeks ahead .Boost for Toffees as key midfielder and defender rejoin training .Everton strengthen ranks with timely return of injured pair,8.0
Villa's Cup Rotation Strategy Pays Off With Fresh Midfield Energy .Emery's Tactical Rest Leaves Villa Rejuvenated Ahead of League Challenge .Wholesale Changes Breathe New Life Into Villa's Squad Depth .Fresh Faces in Cup Tie Give Villa Competitive Edge This Weekend .Smart Rotation Hands Villa Chance to Showcase Squad Strength,7.0
Brighton's clinical finisher keeps scoring streak alive ahead of crucial clash .In-form forward gives Seagulls fresh attacking hope with third consecutive goal .Brighton riding high as key striker's purple patch continues .Three-goal run extends striker's impressive form as Brighton eye Europa push .Seagulls' sharpness on display as leading marksman makes it three in a row,8.0
Villa's away day curse continues as winless streak extends .Consistency on the road remains elusive for Aston Villa .Poor travelling form threatens Villa's European ambitions .Villa struggle to find answers away from home this season .Aston Villa's away woes compound pressure ahead of crucial fixture,3.0
United's goalkeeper displays world-class reflexes to keep third consecutive clean sheet .Commanding display between the sticks lifts Man United defence to new heights .Outstanding goalkeeping form gives Red Devils crucial edge in title race .Man United stopper's exceptional shot-stopping earns rave reviews after 2-0 victory .Peak performance from first-choice goalkeeper steadies shaky defensive line,8.0
Arsenal's struggles in recent meetings with rivals heap pressure on Gunners .Winless run against familiar foes poses fresh test for North London side .Can Gunners end dismal record against this opponent? .Arsenal seeking to overturn poor recent history in crucial clash .Consecutive defeats loom large as Gunners prepare for returning nemesis,4.0
Red Devils boosted as captain cleared to face Liverpool .Man United's influential midfielder returns from injury layoff .Ten Hag's timely boost with key defender fit for selection .Captain passes final assessment and available for weekend showdown .Major lift for United as long-term absentee ready for action,8.0
Everton braced for fixture congestion as international stars return to Merseyside .Fatigue fears for Toffees as squad reassembles from scattered global commitments .Manager eyes cautious approach with contingency plans after international break .Everton's preparation hampered by late arrivals from distant international fixtures .Squad rotation likely as Everton manages workload following international duties,5.0
Brighton's winning streak builds belief ahead of crucial fixture .Seagulls soaring after three successive victories on the road .De Zerbi's side capitalising on momentum with latest triumph .Three wins breathing new life into Brighton's campaign .Albion's defensive resilience key to impressive run of form,9.0
Virus outbreak forces West Ham to reshuffle squad for midweek clash .Multiple Hammers players ruled out with stomach bug .West Ham's injury crisis deepens as illness grips training ground .Lopetegui concerned as sickness decimates squad depth .Several first-team regulars sidelined by viral infection ahead of fixture,3.0
Guardiola faces defensive crisis as both full-backs ruled out .Man City's injury woes deepen with full-back pair sidelined .Flanking trouble for City as injury blow strikes defensive line .Guardiola scrambles for solutions after dual full-back injuries .City's backline stretched thin following simultaneous full-back setbacks,3.0
Villa chiefs hold crisis talks as manager's position becomes untenable .Axe looms for embattled boss following latest defeat .Boardroom unrest deepens with manager's future in serious doubt .Under fire: Villa boss faces make-or-break week amid sacking speculation .Dressing room tensions rise as manager battles to save his job,2.0
Bournemouth's crisis deepens with fifth consecutive defeat .Defensive frailties exposed again as Cherries slump to another loss .Manager faces mounting scrutiny after dismal run leaves side in turmoil .Five games without a win heaps pressure on struggling Bournemouth .Attacking impotence compounds misery for beleaguered south coast outfit,1.0
Virus outbreak leaves Everton depleted ahead of midweek clash .Multiple squad members ruled out as illness hits Goodison Park .Dyche's injury woes compounded as bug sweeps through training ground .Seven players sidelined with virus as Everton battle selection crisis .Sickness disrupts Everton preparations for weekend encounter,3.0
